raw_rank,name,slug,parent,category,eth_tvl_usd,verdict,reason,github_orgs,audit_links,listed_at
1,Binance CEX,binance-cex,,CEX,72260077297,drop,category CEX is not a DeFi protocol with its own contracts,,,1668170565
2,Lido,lido,,Liquid Staking,26700881349,keep,,lidofinance,https://github.com/lidofinance/audits,
3,Aave V3,aave-v3,parent#aave,Lending,15729044884,keep,,,https://aave.com/security,1648776877
4,OKX,okx,,CEX,14310188545,drop,category CEX is not a DeFi protocol with its own contracts,,,1668185769
5,SSV Network,ssv-network,,Staking Pool,14292805692,review,borderline category: Staking Pool,,,
6,Binance staked ETH,binance-staked-eth,,Liquid Staking,9603998778,keep,,,https://github.com/peckshield/publications/blob/master/audit_reports/PeckShield-Audit-Report-wBETH-v1.0.pdf,1682803395
7,EigenCloud,eigencloud,,Restaking,7172291910,review,borderline category: Restaking,Layr-Labs,https://docs.eigencloud.xyz/eigenlayer/security/audits,1686776222
8,Bitfinex,bitfinex,,CEX,7122270099,drop,category CEX is not a DeFi protocol with its own contracts,,,1668201923
9,LayerZero V2,layerzero-v2,parent#layerzero,Bridge,7061672711,drop,category Bridge is not a DeFi protocol with its own contracts,,,
10,SparkLend,sparklend,parent#spark,Lending,5807420889,drop,fork of Aave V3,,https://devs.spark.fi/security/security-and-audits,1683144119
11,Sky Lending,sky-lending,parent#maker,CDP,5687021760,keep,,,https://security.makerdao.com/,
12,Bybit,bybit,,CEX,5321482053,drop,category CEX is not a DeFi protocol with its own contracts,,,1668595021
13,ether.fi Stake,ether.fi-stake,parent#ether-fi,Liquid Staking,5096978592,keep,,,,1677778460
14,Morpho Blue,morpho-blue,parent#morpho,Lending,5093100665,keep,,,https://docs.morpho.org/morpho-blue/concepts/security/audits/,1705261273
15,Ethena USDe,ethena-usde,parent#ethena,Basis Trading,4882092473,review,borderline category: Basis Trading,,https://ethena-labs.gitbook.io/ethena-labs/resources/audits#quantstamp-audit-on-v2-of-contracts,1708016301
16,Robinhood,robinhood,,CEX,3691842852,drop,category CEX is not a DeFi protocol with its own contracts,robinhood,,
17,Gate,gate,,CEX,3520754146,drop,category CEX is not a DeFi protocol with its own contracts,,,1669634683
18,Arbitrum Bridge,arbitrum-bridge,parent#arbitrum-foundation,Canonical Bridge,3519989080,drop,category Canonical Bridge is not a DeFi protocol with its own contracts,,,
19,USDT0,usdt0,,Bridge,3286903244,drop,category Bridge is not a DeFi protocol with its own contracts,,https://github.com/Everdawn-Labs/usdt0-audit-reports/blob/main/Guardian/2025-01-14_USDT0.pdf;https://github.com/Everdawn-Labs/usdt0-audit-reports/blob/main/ChainSecurity/ChainSecurity_USDT0_audit.pdf;https://github.com/Everdawn-Labs/usdt0-audit-reports/blob/main/Paladin/20250110_Paladin_Everdawn_Final_Report.pdf,1741877325
20,MEXC,mexc,,CEX,3274366066,drop,category CEX is not a DeFi protocol with its own contracts,,,1686152056
21,Base Bridge,base-bridge,,Canonical Bridge,3043521111,drop,deprecated,,,
22,Maple,maple,parent#maple-finance,Lending,2985858609,keep,,,https://github.com/maple-labs/maple-core#audit-reports,
23,Polygon Bridge,polygon-bridge,,Chain,2961232504,drop,category Chain is not a DeFi protocol with its own contracts,,,
24,Spark Liquidity Layer,spark-liquidity-layer,parent#spark,Onchain Capital Allocator,2384752035,drop,category Onchain Capital Allocator is not a DeFi protocol with its own contracts,,https://docs.spark.fi/dev/security/security-and-audits#spark-liquidity-layer,1743696229
25,KuCoin,kucoin,,CEX,1671537250,drop,category CEX is not a DeFi protocol with its own contracts,,,1668191855
26,Bitget,bitget,,CEX,1528436356,drop,category CEX is not a DeFi protocol with its own contracts,,,1670842933
27,CCIP,ccip,parent#chainlink,Bridge,1432168019,drop,category Bridge is not a DeFi protocol with its own contracts,,,1780442964
28,Rocket Pool,rocket-pool,,Liquid Staking,1426042908,keep,,rocket-pool,https://rocketpool.net/files/sigma-prime-audit.pdf;https://consensys.net/diligence/audits/2021/04/rocketpool;https://github.com/trailofbits/publications/blob/master/reviews/RocketPool.pdf;https://immunefi.com/bounty/rocketpool,1637712907
29,Compound V3,compound-v3,parent#compound-finance,Lending,1415708279,keep,,,https://compound.finance/docs/security,1663169029
30,Sentora Curator,sentora-curator,parent#sentora,Risk Curators,1389184364,drop,category Risk Curators is not a DeFi protocol with its own contracts,,,1759454399
31,Portal,portal,,Bridge,1376305744,drop,category Bridge is not a DeFi protocol with its own contracts,wormhole-foundation,https://github.com/certusone/wormhole/blob/dev.v2/SECURITY.md,1647148275
32,Deribit,deribit,,CEX,1342352951,drop,category CEX is not a DeFi protocol with its own contracts,,,1668191855
33,Curve DEX,curve-dex,parent#curve-finance,Dexs,1259335414,keep,,,https://docs.curve.finance/references/audits/,
34,Bitstamp,bitstamp,,CEX,1221845152,drop,category CEX is not a DeFi protocol with its own contracts,,,1695297539
35,Falcon Finance,falcon-finance,,Basis Trading,1207784353,review,borderline category: Basis Trading,,https://docs.falcon.finance/resources/audits#smart-contract-audits,1759263444
36,Concrete,concrete,,Onchain Capital Allocator,1198694875,drop,category Onchain Capital Allocator is not a DeFi protocol with its own contracts,,https://docs.concrete.xyz/assets/files/Standard-Implementation-9948d7fcebb518e5c29051bc2326b5ec.pdf/;https://docs.concrete.xyz/assets/files/Zellic-Audit-Report-5dbb9d52d444adcd197dfbaa941a86ab.pdf/,1738937447
37,Kelp,kelp,parent#kelp-dao,Liquid Restaking,1169411053,keep,,,https://kelp.gitbook.io/kelp/audits,1703173957
38,StakeWise V3,stakewise-v3,parent#stakewise,Liquid Staking,1030391472,keep,,,https://github.com/stakewise/contracts/tree/master/audits,
39,Spark Savings,spark-savings,parent#spark,Yield,985773645,review,borderline category: Yield,,,1757630167
40,Steakhouse Financial,steakhouse-financial,,Risk Curators,924344072,drop,category Risk Curators is not a DeFi protocol with its own contracts,,,1747736199
41,Uniswap V3,uniswap-v3,parent#uniswap,Dexs,924287145,keep,,,https://github.com/Uniswap/uniswap-v3-core/tree/main/audits;https://github.com/Uniswap/uniswap-v3-periphery/tree/main/audits;https://github.com/ConsenSys/Uniswap-audit-report-2018-12,1666191475
42,Gemini,gemini,,CEX,917348559,drop,category CEX is not a DeFi protocol with its own contracts,,,1753349019
43,Liquid Collective,liquid-collective,,Liquid Staking,875483823,keep,,,https://liquidcollective.io/security-audits,1692193282
44,Poloniex,poloniex,,CEX,842039284,drop,category CEX is not a DeFi protocol with its own contracts,,,1772302711
45,Robinhood Chain Bridge,robinhood-chain-bridge,,Canonical Bridge,839361203,drop,category Canonical Bridge is not a DeFi protocol with its own contracts,,,1783361622
46,Uniswap V2,uniswap-v2,parent#uniswap,Dexs,818437987,review,sibling version of Uniswap V3 (separate codebase?),,https://github.com/Uniswap/uniswap-v3-core/tree/main/audits;https://github.com/Uniswap/uniswap-v3-periphery/tree/main/audits;https://github.com/ConsenSys/Uniswap-audit-report-2018-12,1666191162
47,Uniswap V4,uniswap-v4,parent#uniswap,Dexs,756013653,review,sibling version of Uniswap V3 (separate codebase?),,https://github.com/Uniswap/v4-core/tree/main/docs/security/audits;https://github.com/Uniswap/v4-periphery/tree/main/audits,1738172667
48,Tornado Cash,tornado-cash,,Privacy,744022012,drop,category Privacy is not a DeFi protocol with its own contracts,tornadocash,https://tornado.cash/#faq,
49,Pendle V2,pendle-v2,parent#pendle,Yield,724947220,review,borderline category: Yield,,https://github.com/pendle-finance/pendle-core-v2-public/tree/main/audits,
50,Grove Finance,grove-finance,,Onchain Capital Allocator,723722401,drop,category Onchain Capital Allocator is not a DeFi protocol with its own contracts,,,1774489318
51,Veda,veda,,Onchain Capital Allocator,689539811,drop,category Onchain Capital Allocator is not a DeFi protocol with its own contracts,Veda-Labs,https://github.com/Se7en-Seas/boring-vault/tree/main/audit;https://0xmacro.com/library/audits/sevenSeas-1.html;https://0xmacro.com/library/audits/sevenSeas-2.html;https://0xmacro.com/library/audits/sevenSeas-3.html,1740088552
52,Optimism Bridge,optimism-bridge,parent#optimism-foundation,Canonical Bridge,671093873,drop,category Canonical Bridge is not a DeFi protocol with its own contracts,,,
53,Crypto-com,crypto-com,,CEX,657012899,drop,category CEX is not a DeFi protocol with its own contracts,,,1668173255
54,Lighter Bridge,lighter-bridge,parent#lighter,Bridge,639082453,drop,category Bridge is not a DeFi protocol with its own contracts,,,1744624979
55,Obol,obol,,Staking Pool,634503246,review,borderline category: Staking Pool,,,1762287672
56,mETH Protocol,meth-protocol,,Liquid Staking,622497645,keep,,,,1701703365
57,Ondo Global Markets,ondo-global-markets,parent#ondo-finance,RWA,611919097,review,borderline category: RWA,,https://docs.ondo.finance/ondo-global-markets/trust-and-transparency,1756900783
58,Convex Finance,convex-finance,,Yield,605580004,review,borderline category: Yield,convex-eth,https://github.com/convex-eth/platform/blob/main/audit/Convex%20Platform%20Security%20Audit%20Report.pdf,
59,HashKey Exchange,hashkey-exchange,,CEX,535117894,drop,category CEX is not a DeFi protocol with its own contracts,,,1718877100
60,Invesco USTB,invesco-ustb,parent#superstate,RWA,532752942,review,borderline category: RWA,,,1709914041
61,Fluid Lending,fluid-lending,parent#fluid,Lending,530179335,keep,,,https://docs.fluid.instadapp.io/audits-and-security.html,1708863218
62,Coinbase Wrapped Staked ETH,coinbase-wrapped-staked-eth,,Liquid Staking,520335611,keep,,coinbase,,1666641682
63,Symbiotic,symbiotic,,Collateral Markets,482912325,keep,,symbioticfi,https://github.com/symbioticfi/collateral/tree/main/audits,1718109849
64,Ethena USDtb,ethena-usdtb,parent#ethena,RWA,482861461,review,borderline category: RWA; sibling version of Ethena USDe (separate codebase?),,,1734350466
65,ether.fi Liquid,ether.fi-liquid,parent#ether-fi,Onchain Capital Allocator,456700939,drop,category Onchain Capital Allocator is not a DeFi protocol with its own contracts,,,1712171943
66,Aave V4,aave-v4,parent#aave,Lending,423017789,review,sibling version of Aave V3 (separate codebase?),,https://aave.com/security,1774886314
67,World Chain,world-chain,,Canonical Bridge,411055404,drop,category Canonical Bridge is not a DeFi protocol with its own contracts,,,
68,SwissBorg,swissborg,,CEX,388105756,drop,category CEX is not a DeFi protocol with its own contracts,,,1668784560
69,Gauntlet,gauntlet,,Risk Curators,371704304,drop,category Risk Curators is not a DeFi protocol with its own contracts,,,1747734127
70,Re,re,,RWA,368569293,review,borderline category: RWA,,https://hacken.io/audits/re-protocol/,1766447067
71,cap,cap,,Lending,365944228,keep,,cap-labs-dev,https://github.com/cap-labs-dev/cap-audits,1755167300
72,Defi Saver Asset Management,defi-saver-asset-management,parent#defi-saver,CDP Manager,356334920,keep,,,https://consensys.net/diligence/audits/2021/03/defi-saver/,
73,Anemoy Capital,anemoy-capital,,RWA,350245228,review,borderline category: RWA,,,1733763997
74,Nexo,nexo,,CEX,327147139,drop,category CEX is not a DeFi protocol with its own contracts,,,1673713595
75,Dolomite,dolomite,,Lending,321770280,keep,,dolomite-exchange,https://github.com/dolomite-exchange/dolomite-margin/blob/master/docs/Dolomite%20Margin%20-%20Cyfrin%20-%202023-08-23.pdf;https://github.com/dolomite-exchange/dolomite-margin/blob/master/docs/Dolomite%20Margin%20-%20SECBIT%20-%202021-08-02.pdf,1666000576
76,Upshift,upshift,,Onchain Capital Allocator,278666176,drop,category Onchain Capital Allocator is not a DeFi protocol with its own contracts,,https://docs.upshift.finance/architecture/smart-contract-audits,1733311923
77,Mellow Core,mellow-core,parent#mellow-protocol,Onchain Capital Allocator,278599227,drop,category Onchain Capital Allocator is not a DeFi protocol with its own contracts,,https://docs.mellow.finance/security,1769604099
78,xDAI Stake Bridge,xdai-stake-bridge,,Canonical Bridge,275901886,drop,category Canonical Bridge is not a DeFi protocol with its own contracts,,,
79,Bitkub,bitkub,,CEX,271564479,drop,category CEX is not a DeFi protocol with its own contracts,,,1734606794
80,Linea Bridge,linea-bridge,,Canonical Bridge,264282510,drop,category Canonical Bridge is not a DeFi protocol with its own contracts,,,
81,Aave Horizon RWA,aave-horizon-rwa,parent#aave,Lending,263198781,review,sibling version of Aave V3 (separate codebase?),,https://github.com/aave/aave-v3-horizon/tree/main/audits,1765304701
82,Fluid Lite,fluid-lite,parent#fluid,Yield Aggregator,251128445,review,borderline category: Yield Aggregator; sibling version of Fluid Lending (separate codebase?),,,
83,Starknet Bridge,starknet-bridge,,Canonical Bridge,247446703,drop,category Canonical Bridge is not a DeFi protocol with its own contracts,,,
84,Stader,stader,,Liquid Staking,239933623,keep,,stader-labs,https://www.staderlabs.com/docs-v1/category/auditors;https://kp5hfcaxs2prkdoscwibtrbjjddvoov3huhezsxknanxfaucm76a.arweave.net/U_pyiBeWnxUN0hWQGcQpSMdXOrs9DkzK6mgbcoKCZ_w;https://github.com/HalbornSecurity/PublicReports/blob/master/CosmWasm%20Smart%20Contract%20Audits/Stader_Labs_LunaX_Contrracts_CosmWasm_Smart_Contract_Security_Audit_Report_Halborn_Final.pdf,1639811716
85,Cooler Loans,cooler-loans,,Lending,235344245,keep,,,,1771638877
86,Fluid DEX,fluid-dex,parent#fluid,Dexs,218572875,review,sibling version of Fluid Lending (separate codebase?),,,1730732495
87,CIAN Yield Layer,cian-yield-layer,parent#cian-protocol,Yield Aggregator,213528601,review,borderline category: Yield Aggregator,,,1731945961
88,KPK,kpk,,Risk Curators,200803238,drop,category Risk Curators is not a DeFi protocol with its own contracts,karpatkey,,1760637747
89,Liquity V1,liquity-v1,parent#liquity,CDP,197811428,keep,,,https://github.com/trailofbits/publications/blob/master/reviews/Liquity.pdf;https://www.coinspect.com/liquity-audit/,
90,M0,m0,,Stablecoin Issuer,197147618,keep,,,https://docs.m0.org/portal/technical/audits,1728953339
91,WEEX,weex,,CEX,194385441,drop,category CEX is not a DeFi protocol with its own contracts,,,1767387349
92,DigiFT,digift,,RWA,190575761,review,borderline category: RWA,,,1695992751
93,Yearn Finance,yearn-finance,parent#yearn,Yield Aggregator,178781514,review,borderline category: Yield Aggregator,,https://github.com/yearn/yearn-security/tree/master/audits,
94,OSL Exchange,osl-exchange,,CEX,172504678,drop,category CEX is not a DeFi protocol with its own contracts,,,1768319453
95,Fraxtal,fraxtal,,Chain,169761323,drop,category Chain is not a DeFi protocol with its own contracts,,,
96,Unit,unit,,Bridge,163567492,drop,category Bridge is not a DeFi protocol with its own contracts,,,1739557972
97,crvUSD,crvusd,parent#curve-finance,CDP,161769904,review,sibling version of Curve DEX (separate codebase?),,https://docs.curve.finance/references/audits/#curve-stablecoin-and-lending,1683150941
98,Huma Finance V2,huma-finance-v2,,RWA,158214181,review,borderline category: RWA,00labs,https://docs.huma.finance/ecosystem-resources/security-audits,1779853635
99,Aster Bridge,aster-bridge,parent#astherus,Bridge,148120001,drop,category Bridge is not a DeFi protocol with its own contracts,,,1720175975
100,Stake DAO Yield,stake-dao-yield,,Yield,146526222,review,borderline category: Yield,,https://docs.stakedao.org/audits,
101,HTX,htx,,CEX,141987806,drop,category CEX is not a DeFi protocol with its own contracts,,,1668362612
102,Saturn,saturn,,Stablecoin Wrapper,140810090,keep,,,,1775766807
103,RockawayX,rockawayx,,Risk Curators,140601932,drop,category Risk Curators is not a DeFi protocol with its own contracts,,,1774551409
104,Avalanche Core Bridge,avalanche-core-bridge,,Canonical Bridge,140028570,drop,category Canonical Bridge is not a DeFi protocol with its own contracts,,,
105,Lagoon,lagoon,,Onchain Capital Allocator,138823509,drop,category Onchain Capital Allocator is not a DeFi protocol with its own contracts,hopperlabsxyz,https://docs.lagoon.finance/resources/audits,1734930934
106,Frax Ether,frax-ether,parent#frax-finance,Liquid Staking,138670730,keep,,,,1666641678
107,Phemex,phemex,,CEX,138501020,drop,category CEX is not a DeFi protocol with its own contracts,,,1671451792
108,Yield Basis,yield-basis,,Leveraged Farming,138389500,review,borderline category: Leveraged Farming,,,1758821541
109,Mantle Bridge,mantle-bridge,,Canonical Bridge,134966631,drop,category Canonical Bridge is not a DeFi protocol with its own contracts,,,
110,Armitage by Wintermute,armitage-by-wintermute,,Risk Curators,134762007,drop,category Risk Curators is not a DeFi protocol with its own contracts,,,1779310578
111,Theo Network thUSD,theo-network-thusd,parent#theo,RWA,134587511,review,borderline category: RWA,,https://github.com/Zellic/publications/blob/master/ThUSD%20-%20Zellic%20Audit%20Report.pdf;https://github.com/zenith-security/reports/blob/main/reports/Theo%20Tokenized%20Staking%20Vault%20-%20Zenith%20Audit%20Report.pdf;https://github.com/peckshield/publications/blob/main/audit_reports/Peckshield_Audit_Report_Theo_Network_ThUSD.pdf,1789001313
112,fx Protocol,fx-protocol,,Dual-Token Stablecoin,132085690,keep,,,https://github.com/AladdinDAO/aladdin-v3-contracts/blob/main/audit-reports/SECBIT_f(x)_V2_Report_v1.4_20250107.pdf,1691149929
113,Axelar,axelar,parent#axelar-network,Bridge,131038342,drop,category Bridge is not a DeFi protocol with its own contracts,,https://github.com/axelarnetwork/audits,1667045416
114,zkSync Era txBridge,zksync-era-txbridge,,Canonical Bridge,129981930,drop,category Canonical Bridge is not a DeFi protocol with its own contracts,,,
115,Bitvavo,bitvavo,,CEX,127613855,drop,category CEX is not a DeFi protocol with its own contracts,,,1774432030
116,Nexus Mutual,nexus-mutual,,Insurance,116146891,keep,,NexusMutual,https://nexusmutual.gitbook.io/docs/helpful-resources/audits-and-security,
117,K3 Capital,k3-capital,,Risk Curators,114470880,drop,category Risk Curators is not a DeFi protocol with its own contracts,,,1747734980
118,Compound V2,compound-v2,parent#compound-finance,Lending,112694128,review,sibling version of Compound V3 (separate codebase?),,https://compound.finance/docs/security,
119,Sky Money,sky-money,parent#maker,Risk Curators,110376803,drop,category Risk Curators is not a DeFi protocol with its own contracts,,,1779217533
120,Bedrock uniBTC,bedrock-unibtc,parent#bedrock,Anchor BTC,109345502,keep,,,,1730219911
121,Avalon CeDeFi,avalon-cedefi,parent#avalon-labs,Anchor BTC,109255885,keep,,,,1725498632
122,Bitunix,bitunix,,CEX,107274161,drop,category CEX is not a DeFi protocol with its own contracts,,,1724758911
123,UNCX Network V2,uncx-network-v2,parent#uncx-network,Token Locker,106769455,keep,,,https://github.com/softstackHQ/Smart-Contract-Security-Audits/tree/master/Unicrypt;https://www.certik.com/projects/unicrypt,1652762212
124,Liquity V2,liquity-v2,parent#liquity,CDP,106037894,review,sibling version of Liquity V1 (separate codebase?),,https://docs.liquity.org/v2-documentation/technical-resources,1737631098
125,Homora V2,homora-v2,,Leveraged Farming,105826663,review,borderline category: Leveraged Farming,,https://blog.openzeppelin.com/alpha-homora-v2/,
126,Frax USD,frax-usd,parent#frax-finance,RWA,102839763,review,borderline category: RWA; sibling version of Frax Ether (separate codebase?),,,1755567417
127,Railgun,railgun,,Privacy,97559457,drop,category Privacy is not a DeFi protocol with its own contracts,Railgun-Privacy;Railgun-Community,http://assets.railgun.ch/docs/audits/Railgun%20Audit%20Report%20-%20Zokyo%20November%202021.pdf;https://bafybeiakdhweojvf7zvtp2tr32alzam4yyifbolf7fgrmsshalea7fv55m.ipfs.cf-ipfs.com/docs/Railgun%20Audit%20Report%20-%20ABDK%20July%202021.pdf,1643326249
128,stake.link liquid,stake.link-liquid,parent#stake.link,Liquid Staking,95185970,keep,,,,1671639906
129,Enzyme Finance,enzyme-finance,,Indexes,91248100,review,borderline category: Indexes,enzymefinance,https://audit.enzyme.finance/,
130,Renzo,renzo,,Liquid Restaking,87919451,keep,,Renzo-Protocol,https://docs.renzoprotocol.com/docs/security/audits,1702962127
131,Usual USD0,usual-usd0,parent#usual,RWA,87866687,review,borderline category: RWA,,https://tech.usual.money/security-and-audits/audits ,1721046229
132,Concentrator,concentrator,,Yield,87382231,review,borderline category: Yield,AladdinDAO,https://aladdin.club/audits/AladdinDao_V3_Report_Secbit.pdf,1647257070
133,Frankencoin,frankencoin,,CDP,87298021,keep,,Frankencoin-ZCHF,https://github.com/Frankencoin-ZCHF/Frankencoin/blob/main/audits/V1/ChainSecurity-audit.pdf;https://github.com/Frankencoin-ZCHF/Frankencoin/blob/main/audits/V1/blockbite-audit.pdf;https://github.com/Frankencoin-ZCHF/Frankencoin/blob/main/audits/V2/ChainSecurity_Frankencoin_Frankencoin_v2024.pdf;https://github.com/Frankencoin-ZCHF/Frankencoin/blob/main/audits/V2/frankencoin-audit-report-2024-1.1.pdf;https://github.com/Frankencoin-ZCHF/Frankencoin/tree/main/audits/V1;https://github.com/Frankencoin-ZCHF/Frankencoin/tree/main/audits/V2,1699970045
134,Swell L2 Farm,swell-l2-farm,parent#swell,Farm,87048614,keep,,,,1712729172
135,Stargate V2,stargate-v2,parent#stargate-finance,Cross Chain Bridge,86519723,drop,category Cross Chain Bridge is not a DeFi protocol with its own contracts,,https://github.com/LayerZero-Labs/Audits/blob/main/audits/OApp%26OFT-Zellic-12JUN2024.pdf,1719902937
136,BingX,bingx,,CEX,86336262,drop,category CEX is not a DeFi protocol with its own contracts,,,1720449775
137,Aave V2,aave-v2,parent#aave,Lending,86227977,review,sibling version of Aave V3 (separate codebase?),,https://aave.com/security,
138,Vesper,vesper,,Yield Aggregator,83802987,review,borderline category: Yield Aggregator,vesperfi,https://github.com/vesperfi/doc/tree/main/audit,
139,Avalon Superearn,avalon-superearn,parent#avalon-labs,Yield,83770682,review,borderline category: Yield; sibling version of Avalon CeDeFi (separate codebase?),,,1771433427
140,Zama,zama,,Privacy,81703675,drop,category Privacy is not a DeFi protocol with its own contracts,zama-ai,,1777919449
141,Bitwise USCC,bitwise-uscc,parent#superstate,Basis Trading,81686162,review,borderline category: Basis Trading; sibling version of Invesco USTB (separate codebase?),,,1725888273
142,AO Bridge,ao-bridge,,Canonical Bridge,79780445,drop,category Canonical Bridge is not a DeFi protocol with its own contracts,,,
143,Wise Token,wise-token,,Yield,77566778,review,borderline category: Yield,wise-foundation,,1787081257
144,Curve LlamaLend,curve-llamalend,parent#curve-finance,Lending,76005294,review,sibling version of Curve DEX (separate codebase?),,,1710843413
145,Galaxy Curation,galaxy-curation,,Risk Curators,75801392,drop,category Risk Curators is not a DeFi protocol with its own contracts,,,1779383281
146,BitFi Basis,bitfi-basis,parent#bitfi,Basis Trading,75012437,review,borderline category: Basis Trading,,,1739530444
147,Hyperithm,hyperithm,,Risk Curators,74380412,drop,category Risk Curators is not a DeFi protocol with its own contracts,,,1747734486
148,SolvBTC LSTs,solvbtc-lsts,parent#solv-protocol,Restaked BTC,74145903,keep,,,,1728477201
149,Bitmex,bitmex,,CEX,73642368,drop,category CEX is not a DeFi protocol with its own contracts,,,1668703052
150,Lombard Vaults,lombard-vaults,parent#lombard-finance,Onchain Capital Allocator,73371769,drop,category Onchain Capital Allocator is not a DeFi protocol with its own contracts,,,1726215518
151,Sky RWA,sky-rwa,parent#maker,RWA,72235811,review,borderline category: RWA; sibling version of Sky Lending (separate codebase?),,,1697730940
152,Circle Gateway,circle-gateway,parent#circle,Cross Chain Bridge,68903915,drop,category Cross Chain Bridge is not a DeFi protocol with its own contracts,,,1782778325
153,USDCx,usdcx,parent#circle,Stablecoin Wrapper,68831112,keep,,,,1782415477
154,Treehouse Protocol,treehouse-protocol,,DOR,67981007,keep,,,https://github.com/treehouse-gaia/audit-report,1725968902
155,Tori Finance,tori-finance,,Basis Trading,67912379,review,borderline category: Basis Trading,,https://docs.tori.finance/security/audits,1782275555
156,Indodax,indodax,,CEX,66936815,drop,category CEX is not a DeFi protocol with its own contracts,,,1752664331
157,Blast Bridge,blast-bridge,parent#blast-l2,Canonical Bridge,64478547,drop,category Canonical Bridge is not a DeFi protocol with its own contracts,,,
158,Yearn Curating,yearn-curating,parent#yearn,Risk Curators,63718284,drop,category Risk Curators is not a DeFi protocol with its own contracts,,,1748533355
159,PulseChain Bridge,pulsechain-bridge,,Canonical Bridge,62412745,drop,category Canonical Bridge is not a DeFi protocol with its own contracts,,,
160,Origin Ether,origin-ether,parent#origin-defi,Liquid Staking,61187244,keep,,,,1683581147
161,Ink Bridge,ink-bridge,,Canonical Bridge,60750356,drop,category Canonical Bridge is not a DeFi protocol with its own contracts,,,
162,Lisk Bridge,lisk-bridge,,Canonical Bridge,59097958,drop,category Canonical Bridge is not a DeFi protocol with its own contracts,LiskHQ,,
163,Sonic Gateway,sonic-gateway,,Canonical Bridge,58834090,drop,category Canonical Bridge is not a DeFi protocol with its own contracts,,,1738081153
164,Origami Finance,origami-finance,,Leveraged Farming,58653629,review,borderline category: Leveraged Farming,,https://docs.origami.finance/technical-reference/audits,1715612691
165,Zircuit Staking,zircuit-staking,,Farm,58513162,keep,,,https://dubiw3zgo51jg.cloudfront.net/zircuit_audit_final.pdf,1709594345
166,Euler V2,euler-v2,parent#euler,Lending,58166434,keep,,,https://www.euler.finance/#security,1724665226
167,Polygon zkEVM Bridge,polygon-zkevm-bridge,,Canonical Bridge,56912925,drop,category Canonical Bridge is not a DeFi protocol with its own contracts,,,
168,Aera V2,aera-v2,parent#aera,Onchain Capital Allocator,55092117,drop,category Onchain Capital Allocator is not a DeFi protocol with its own contracts,,https://github.com/aera-finance/aera-contracts-public/blob/main/v2/audits/spearbit/2023-09-22.pdf,1710850850
169,Axis,axis,,Basis Trading,54344766,review,borderline category: Basis Trading,,https://www.openzeppelin.com/news/axis-coordinate-v2-contracts-audit,1787263751
170,Beefy,beefy,,Yield Aggregator,53317809,review,borderline category: Yield Aggregator,beefyfinance,https://github.com/beefyfinance/beefy-audits,
171,Vault Bridge,vault-bridge,,Risk Curators,52242266,drop,category Risk Curators is not a DeFi protocol with its own contracts,,https://github.com/agglayer/vault-bridge/tree/v0.5.0/audits,1749770022
172,Resupply,resupply,,Lending,51854781,keep,,resupplyfi,https://docs.resupply.fi/faq/audits,1743178567
173,Plume Vaults,plume-vaults,,RWA,49301826,review,borderline category: RWA,,https://github.com/plumenetwork/contracts/blob/main/staking/audit/slowmist.pdf;https://github.com/plumenetwork/contracts/blob/main/staking/audit/slowmist2.pdf,1729962607
174,infiniFi,infinifi,,Yield,49110205,review,borderline category: Yield,InfiniFi-Labs,https://docsend.com/view/vxet6fdzgb6zhfnn;https://docsend.com/view/qtz5tmdi35d7f5si;https://docsend.com/view/8nw9dtr9qhssndzw,1748465947
175,Tulipa Capital,tulipa-capital,,Risk Curators,48464127,drop,category Risk Curators is not a DeFi protocol with its own contracts,,,1747736624
176,Gravity by Galxe,gravity-by-galxe,,Canonical Bridge,48253220,drop,category Canonical Bridge is not a DeFi protocol with its own contracts,,,
177,NEAR Bridge,near-bridge,parent#near-protocol,Canonical Bridge,47687273,drop,category Canonical Bridge is not a DeFi protocol with its own contracts,,,
178,NEAR Intents,near-intents,parent#near-protocol,Bridge,47008102,drop,category Bridge is not a DeFi protocol with its own contracts,,,1760656359
179,UltraYield Curator,ultrayield-curator,parent#ultrayield,Risk Curators,45371112,drop,category Risk Curators is not a DeFi protocol with its own contracts,,,1761342069
180,Mantle Restaking,mantle-restaking,,Liquid Restaking,45009266,keep,,,https://docs.mantle.xyz/meth/security/audits,1731495743
181,OpenTrade,opentrade,,RWA,43992749,review,borderline category: RWA,,,1733496042
182,Flux Finance,flux-finance,,Lending,43494108,drop,fork of Compound V2,,,1676431956
183,IDEX V1,idex-v1,parent#idex,Dexs,43192716,keep,,,https://github.com/idexio/idex-contracts/tree/master/audits;https://callisto.network/idex-security-audit/,
184,CoinDCX,coindcx,,CEX,43171548,drop,category CEX is not a DeFi protocol with its own contracts,,,
185,Telos Consilium,telos-consilium,,Risk Curators,43030447,drop,category Risk Curators is not a DeFi protocol with its own contracts,,,1759244012
186,VALR,valr,,CEX,42654535,drop,category CEX is not a DeFi protocol with its own contracts,,,1759165241
187,Scroll Bridge,scroll-bridge,,Canonical Bridge,41242363,drop,category Canonical Bridge is not a DeFi protocol with its own contracts,,,
188,Clearstar,clearstar,,Risk Curators,40639635,drop,category Risk Curators is not a DeFi protocol with its own contracts,,,1747733862
189,Makina,makina,,Onchain Capital Allocator,39431116,drop,category Onchain Capital Allocator is not a DeFi protocol with its own contracts,MakinaHQ,https://docs.makina.finance/concepts/security/audits,1762370744
190,Ember Protocol,ember-protocol,,Onchain Capital Allocator,39396994,drop,category Onchain Capital Allocator is not a DeFi protocol with its own contracts,,https://ember.so/documents/ember_protocol_audit.pdf,1758144089
191,Aera V3,aera-v3,parent#aera,Onchain Capital Allocator,39373124,drop,category Onchain Capital Allocator is not a DeFi protocol with its own contracts,,,1751553171
192,NodeDAO,nodedao,,Liquid Staking,39212645,keep,,,https://www.nodedao.com/paf/MetaTrust.pdf;https://www.nodedao.com/paf/BEOSIN.pdf,1684416874
193,dYdX V3,dydx-v3,parent#dydx,Derivatives,39112138,review,borderline category: Derivatives,,https://docs.dydx.exchange/#independent-audits,
194,Alchemix V3,alchemix-v3,parent#alchemix,Synthetics,38032595,keep,,,https://github.com/runtimeverification/publications/blob/main/reports/smart-contracts/Alchemix_v3.pdf,1776975864
195,AUTOfinance,autofinance,,Yield,37946881,review,borderline category: Yield,Tokemak,https://docs.tokemak.xyz/developer-docs/security-and-audits,
196,Ring Few,ring-few,parent#ring-protocol,Bridge,37799110,drop,category Bridge is not a DeFi protocol with its own contracts,,https://github.com/RingProtocol/audits,1709414739
197,Noon,noon,,Yield,37561628,review,borderline category: Yield,,https://docs.noon.capital/security/smart-contract-audits,1738617865
198,Strata Markets,strata-markets,parent#strata,Yield,37509026,review,borderline category: Yield,,https://docs.strata.markets/technical-documentation/audits,1760577905
199,BloFin,blofin,,CEX,36814043,drop,category CEX is not a DeFi protocol with its own contracts,,,1724672849
200,Frax,frax,parent#frax-finance,Algo-Stables,35561127,review,sibling version of Frax Ether (separate codebase?),,https://www.certik.org/projects/fraxfinance,
201,Reserve Protocol,reserve-protocol,,Indexes,35544815,review,borderline category: Indexes,reserve-protocol,https://reserve.org/protocol/security/?search=audit#s-result,
202,3F,3f,,Leveraged Farming,35346499,review,borderline category: Leveraged Farming,3FLabs,,1779748015
203,Derive V2,derive-v2,parent#lyra,Derivatives,34763351,review,borderline category: Derivatives,,,1702643004
204,Grvt Bridge,grvt-bridge,parent#grvt,Bridge,34698114,drop,category Bridge is not a DeFi protocol with its own contracts,,,1736334414
205,Fusion by IPOR,fusion-by-ipor,parent#ipor,Yield Aggregator,33999335,review,borderline category: Yield Aggregator,,https://docs.ipor.io/audits,1726236262
206,Swell Liquid Staking,swell-liquid-staking,parent#swell,Liquid Staking,33790797,review,sibling version of Swell L2 Farm (separate codebase?),,https://docs.swellnetwork.io/swell/risks/smart-contract-audits,1682554957
207,Team Finance,team-finance,,Token Locker,33784673,keep,,team-finance,https://www.team.finance/file/audit.pdf,1656506800
208,Avant avETH,avant-aveth,parent#avant-protocol,Onchain Capital Allocator,33778360,drop,category Onchain Capital Allocator is not a DeFi protocol with its own contracts,,https://docs.avantprotocol.com/security/contract-and-opsec-audits,1761266699
209,Curve LlamaLend V2,curve-llamalend-v2,parent#curve-finance,Lending,33562436,review,sibling version of Curve DEX (separate codebase?),,,1781205901
210,Aegis YUSD,aegis-yusd,parent#aegis,Basis Trading,33241924,review,borderline category: Basis Trading,,,1744284096
211,Connext,connext,parent#everclear,Bridge,33128595,drop,category Bridge is not a DeFi protocol with its own contracts,,https://drive.google.com/file/d/1l42vxzHwLXrKU10v3FutG2DWthU43vB8/view?pli=1,
212,Toobit,toobit,,CEX,33037120,drop,category CEX is not a DeFi protocol with its own contracts,,,1722425635
213,SuiBridge,suibridge,,Canonical Bridge,32950400,drop,category Canonical Bridge is not a DeFi protocol with its own contracts,,,1728552916
214,Swell Liquid Restaking,swell-liquid-restaking,parent#swell,Liquid Restaking,32692903,review,sibling version of Swell L2 Farm (separate codebase?),,https://docs.swellnetwork.io/swell/risks/smart-contract-audits,1706584385
215,Puffer Stake,puffer-stake,parent#puffer-finance,Liquid Restaking,32160723,keep,,,,1706793055
216,Gate US,gate-us,,CEX,32030218,drop,category CEX is not a DeFi protocol with its own contracts,,,1763560267
217,Gain,gain,parent#kelp-dao,Onchain Capital Allocator,31343111,drop,category Onchain Capital Allocator is not a DeFi protocol with its own contracts,,,1729134534
218,Korbit,korbit,,CEX,31039026,drop,category CEX is not a DeFi protocol with its own contracts,,,1669113576
219,Metis Bridge,metis-bridge,,Canonical Bridge,30952204,drop,category Canonical Bridge is not a DeFi protocol with its own contracts,,,
220,Inverse Finance FiRM,inverse-finance-firm,parent#inverse-finance,CDP,30494477,keep,,,https://www.inverse.finance/audits,1673620866
221,Arrakis Modular,arrakis-modular,parent#arrakis-finance,Liquidity Manager,29867795,keep,,,https://github.com/ArrakisFinance/arrakis-modular/blob/main/audit/Arrakis_Modular_Audit_Report_by_WatchPug.pdf;https://github.com/ArrakisFinance/arrakis-modular/blob/main/audit/ChainSecurity_Spacing_Guild_Arrakis_Modular_audit.pdf,1729682594
222,Poly Network,poly-network,,Bridge,29459539,drop,category Bridge is not a DeFi protocol with its own contracts,polynetwork,https://github.com/polynetwork/audit-report,1654083965
223,Immutable zkEVM,immutable-zkevm,,Chain,29271339,drop,category Chain is not a DeFi protocol with its own contracts,,,1717202177
224,Meta Pool ETH,meta-pool-eth,parent#meta-pool,Liquid Staking,28765311,keep,,,,1692266928
225,RockSolid Network,rocksolid-network,,Yield,28456494,review,borderline category: Yield,,,1762370739
226,SushiSwap V3,sushiswap-v3,parent#sushi,Dexs,28434460,drop,fork of Uniswap V3,,,1680740698
227,Piku Finance,piku-finance,,Basis Trading,28280310,review,borderline category: Basis Trading,piku-co,https://docs.piku.co/piku/piku/security-and-risks/audits,1763513599
228,Bedrock uniETH,bedrock-unieth,parent#bedrock,Liquid Restaking,28095613,review,sibling version of Bedrock uniBTC (separate codebase?),,https://github.com/RockX-SG/stake/blob/main/PeckShield-Audit-Report-RockXStaking-v1.0.pdf,1681516422
229,Manta Pacific,manta-pacific,,Canonical Bridge,28088869,drop,category Canonical Bridge is not a DeFi protocol with its own contracts,,,
230,TermMax,termmax,,Lending,27299620,keep,,term-structure,https://github.com/term-structure/audits,1718906602
231,PancakeSwap AMM V3,pancakeswap-amm-v3,parent#pancakeswap,Dexs,27127489,drop,fork of Uniswap V3,,,1680561479
232,Mellow Restaking,mellow-restaking,parent#mellow-protocol,Liquid Restaking,26408634,keep,,,,1718106253
233,APX Bridge,apx-bridge,parent#astherus,Bridge,26383431,drop,category Bridge is not a DeFi protocol with its own contracts,,,1652988932
234,SushiSwap,sushiswap,parent#sushi,Dexs,26228024,drop,fork of Uniswap V2,,https://github.com/peckshield/publications/blob/master/audit_reports/PeckShield-Audit-Report-SushiSwap-v1.0.pdf,
235,YieldNest,yieldnest,,Onchain Capital Allocator,25496163,drop,category Onchain Capital Allocator is not a DeFi protocol with its own contracts,yieldnest,https://github.com/yieldnest/Publications/tree/main/audits,1715748037
236,USDD,usdd,,CDP,25385614,keep,,,,1741877201
237,Abstract,abstract,,Chain,25032621,drop,category Chain is not a DeFi protocol with its own contracts,,,
238,UltraYield Vaults,ultrayield-vaults,parent#ultrayield,Onchain Capital Allocator,24865878,drop,category Onchain Capital Allocator is not a DeFi protocol with its own contracts,,,1761083071
239,Waterline,waterline,,Risk Curators,23904375,drop,category Risk Curators is not a DeFi protocol with its own contracts,,,1788459467
240,Fraxlend,fraxlend,parent#frax-finance,Lending,23782585,review,sibling version of Frax Ether (separate codebase?),,,1662603346
241,MorpheusAI,morpheusai,,AI Agents,23539817,keep,,MorpheusAIs,https://github.com/MorpheusAIs/Docs/tree/main/Security%20Audit%20Reports,1714565074
242,Balancer V2,balancer-v2,parent#balancer,Dexs,23354228,keep,,,https://github.com/balancer/balancer-v2-monorepo/tree/master/audits,
243,Ankr,ankr,,Liquid Staking,23309275,keep,,Ankr-network,https://assets.ankr.com/files/stkr_smart_contract_auditing_report.pdf,
244,Hakutora,hakutora,,Risk Curators,23028589,drop,category Risk Curators is not a DeFi protocol with its own contracts,,,1747734346
245,9Summits,9summits,,Risk Curators,22846517,drop,category Risk Curators is not a DeFi protocol with its own contracts,,,1747733002
246,Biconomy.com,biconomy.com,,CEX,22734554,drop,category CEX is not a DeFi protocol with its own contracts,,,1725626993
247,Gearbox,gearbox,,Lending,22382308,keep,,Gearbox-protocol,https://docs.gearbox.finance/risk-and-security/audits-bug-bounty,1640629561
248,BitKan,bitkan,,CEX,22274054,drop,category CEX is not a DeFi protocol with its own contracts,,,1760033298
249,StakeStone STONE,stakestone-stone,parent#stakestone,Liquid Staking,22104205,keep,,,https://github.com/Secure3Audit/Secure3Academy/blob/main/audit_reports/StakeStone/StakeStone_final_Secure3_Audit_Report.pdf,1695652625
250,Cronos zkEVM Bridge,cronos-zkevm-bridge,,Canonical Bridge,21832807,drop,category Canonical Bridge is not a DeFi protocol with its own contracts,,,
251,SoSoValue Indexes,sosovalue-indexes,parent#sosovalue,Indexes,21566338,review,borderline category: Indexes,,https://github.com/blocksecteam/audit-reports/blob/main/solidity/blocksec_sosovaluelabs_ssi_v1.0-signed.pdf;https://github.com/slowmist/Knowledge-Base/blob/master/open-report-V2/smart-contract/SSI%20Protocol%20-%20SlowMist%20Audit%20Report.pdf;https://github.com/slowmist/Knowledge-Base/blob/master/open-report-V2/smart-contract/SSI%20Protocol%20Phase2%20-%20SlowMist%20Audit%20Report.pdf,1736793641
252,Across,across,,Cross Chain Bridge,21268383,drop,category Cross Chain Bridge is not a DeFi protocol with its own contracts,across-protocol,https://blog.openzeppelin.com/uma-audit-l2-bridges/,1641519276
253,Paradex Bridge,paradex-bridge,parent#paradex,Bridge,21164831,drop,category Bridge is not a DeFi protocol with its own contracts,,,1697648373
254,Bitwise,bitwise,,Risk Curators,20998066,drop,category Risk Curators is not a DeFi protocol with its own contracts,,,1788459477
255,GETH,geth,,Liquid Staking,20940618,keep,,,,1674124872
256,Gami Labs,gami-labs,,Risk Curators,20699167,drop,category Risk Curators is not a DeFi protocol with its own contracts,,,1780082008
257,BitVenus,bitvenus,,CEX,20320065,drop,category CEX is not a DeFi protocol with its own contracts,,,1675767017
258,Apex Omni,apex-omni,parent#apex-protocol,Derivatives,19909458,review,borderline category: Derivatives,,,1719488031
259,Katana Pre-Launch,katana-pre-launch,,Farm,19167700,keep,,,,1750619365
260,GAIB,gaib,,RWA,18901267,review,borderline category: RWA,gaib-ai,https://docs.gaib.ai/audits,1754501739
261,Blur Bids,blur-bids,parent#blur,NFT Marketplace,18634755,drop,category NFT Marketplace is not a DeFi protocol with its own contracts,,,1672970801
262,Flowdesk,flowdesk,,Risk Curators,18587303,drop,category Risk Curators is not a DeFi protocol with its own contracts,,,1788312645
263,Summer.fi Pro,summer.fi-pro,parent#summer.fi,CDP Manager,18355275,drop,deprecated,,,1690209925
264,Multichain,multichain,,Bridge,17712703,drop,category Bridge is not a DeFi protocol with its own contracts,anyswap,https://github.com/anyswap/Anyswap-Audit/blob/master/TrailOfBits/Anyswap-CrossChain-Bridge-TrailofBits-Audit-Final%20Report.pdf;https://github.com/anyswap/Anyswap-Audit/blob/master/SlowMist/AnySwap%20CrossChain-Bridge%20Security%20Audit%20Report.pdf;https://github.com/anyswap/Anyswap-Audit/blob/master/SlowMist/Anyswap%20Smart%20Contract%20Security%20Audit.pdf;https://github.com/peckshield/publications/blob/master/audit_reports/PeckShield-Audit-Report-Travala-AnyswapV5ERC20-v1.0.pdf,
265,Api3,api3,,Risk Curators,17618952,drop,category Risk Curators is not a DeFi protocol with its own contracts,api3dao,https://github.com/api3dao/contracts/tree/main/audit-reports,1643713220
266,Y10K Capital,y10k-capital,,Risk Curators,17393830,drop,category Risk Curators is not a DeFi protocol with its own contracts,,,1784152457
267,Bancor V3,bancor-v3,parent#bancor,Dexs,17324291,keep,,,https://docs.bancor.network/about-bancor-network/security-and-audits,1660936922
268,Bitrue,bitrue,,CEX,17071517,drop,category CEX is not a DeFi protocol with its own contracts,,,1738755255
269,Backpack,backpack,,CEX,16925522,drop,category CEX is not a DeFi protocol with its own contracts,,,
270,Morph Bridge,morph-bridge,,Bridge,16678689,drop,category Bridge is not a DeFi protocol with its own contracts,,,1730320771
271,Zoomex,zoomex,,CEX,16044089,drop,category CEX is not a DeFi protocol with its own contracts,,,1748270471
272,Index Coop,index-coop,,Indexes,16025256,review,borderline category: Indexes,SetProtocol,https://docs.tokensets.com/protocol/security;https://gist.github.com/bernard-wagner/8a96ae7b9746ba8394dc6c16202a6b64,
273,Equilibria,equilibria,,Yield,16017193,drop,fork of Convex Finance,eqbtech,https://docs.equilibria.fi/security-and-risk/audit-report,1686276971
274,NEMO Trading,nemo-trading,,Risk Curators,15184745,drop,category Risk Curators is not a DeFi protocol with its own contracts,,,1789785107
275,Origin ARM,origin-arm,parent#origin-defi,Yield,15119891,review,borderline category: Yield; sibling version of Origin Ether (separate codebase?),,https://docs.originprotocol.com/security-and-risk/audits,1729847936
276,Balancer V3,balancer-v3,parent#balancer,Dexs,15089010,review,sibling version of Balancer V2 (separate codebase?),,,1733938643
277,Mezo Bridge,mezo-bridge,,Bridge,14700750,drop,category Bridge is not a DeFi protocol with its own contracts,thesis,,1714516311
278,Set Protocol,set-protocol,,Indexes,14580890,review,borderline category: Indexes,SetProtocol,https://www.tokensets.com/#/security,
279,ZEROBASE CeDeFi,zerobase-cedefi,,Basis Trading,14518801,review,borderline category: Basis Trading,,https://github.com/peckshield/publications/blob/master/audit_reports/PeckShield-Audit-Report-ZeroBase-Vault-v1.0.pdf;https://github.com/Salusec/Salus-audit/blob/main/2024/ZeroBase_report_2024-12-24.pdf,1749017141
280,Ourbit,ourbit,,CEX,14326970,drop,category CEX is not a DeFi protocol with its own contracts,,,1731321464
281,BYDFi,bydfi,,CEX,14254016,drop,category CEX is not a DeFi protocol with its own contracts,,,
282,Lista Lending,lista-lending,parent#lista-dao,Lending,14243919,keep,,,https://github.com/lista-dao/moolah/tree/master/docs/audits,1744828415
283,Juicebox V1,juicebox-v1,parent#juicebox,Launchpad,14090813,keep,,,https://hacken.io/wp-content/uploads/2022/01/%D0%A1onstitution-DAO_11012022Audit_Report.pdf,1681516871
284,Badger DAO,badger-dao,,Yield Aggregator,13657568,review,borderline category: Yield Aggregator,Badger-Finance,https://badger.finance/wp-content/uploads/2021/01/HAECHI-AUDIT-BadgerDAO-Smart-Contract-Audit-Report-1.pdf;https://code4rena.com/contests/2022-06-badger-vested-aura-contest/;https://github.com/Badger-Finance/badger-vaults-1.5/blob/main/security/audits/Badger%20Vaults%201.5%20-%20Quantstamp%20-%20Jan%202022.pdf;https://code4rena.com/reports/2021-10-badgerdao/;https://code4rena.com/reports/2021-09-bvecvx/;https://badger.com/images/uploads/quantstamp-badger-ib-btc.pdf;https://badger.com/images/uploads/defi-yield-badger-finance.pdf;https://badger.com/images/uploads/zokyo-badger-sc-audit.pdf,
285,Taiko Bridge,taiko-bridge,,Canonical Bridge,13606939,drop,category Canonical Bridge is not a DeFi protocol with its own contracts,,,1716911519
286,PinkSale,pinksale,,Launchpad,13493309,keep,,,,1654537684
287,Orderly Bridge,orderly-bridge,parent#orderly-network,Bridge,13463207,drop,category Bridge is not a DeFi protocol with its own contracts,,https://github.com/OrderlyNetwork/Audits,1668086145
288,edgeX Bridge,edgex-bridge,parent#edgex,Bridge,13380655,drop,category Bridge is not a DeFi protocol with its own contracts,,,1723024710
289,Arbitrum Nova Bridge,arbitrum-nova-bridge,,Canonical Bridge,12756542,drop,category Canonical Bridge is not a DeFi protocol with its own contracts,,,
290,Aevo Perps,aevo-perps,parent#aevo,Derivatives,12718087,review,borderline category: Derivatives,,https://github.com/aevoxyz/audit,1681122429
291,3Jane Lending,3jane-lending,parent#3jane,Uncollateralized Lending,12423638,keep,,,https://docs.3jane.xyz/resources/audits,1756929047
292,Native Credit Pool,native-credit-pool,parent#native,Lending,11931464,keep,,,,1716459034
293,Veno Finance,veno-finance,,Liquid Staking,11912791,keep,,,https://veno-finance.gitbook.io/veno-finance/protocol/security-and-audits,1672703979
294,UNCX Network V3,uncx-network-v3,parent#uncx-network,Token Locker,11805872,review,sibling version of UNCX Network V2 (separate codebase?),,https://blog.openzeppelin.com/uncx-uniswapv3-liquidity-locker-audit,1688652343
295,zkLink Nova,zklink-nova,,Chain,11532199,drop,category Chain is not a DeFi protocol with its own contracts,,https://github.com/zkLinkProtocol/zklink-audit-report/blob/master/zklink_Nova_Secure3_Audit_Report.pdf,
296,Fuel Bridge,fuel-bridge,,Bridge,11485461,drop,category Bridge is not a DeFi protocol with its own contracts,,https://github.com/FuelLabs/audits/blob/master/fuel-audit-september-2024(Diffs%20on%20the%20Bridge%20and%20State%20Contracts)(Public).pdf,
297,Templar Protocol,templar-protocol,,Lending,11473189,keep,,Templar-Protocol,https://github.com/Templar-Protocol/contracts/blob/dev/audits/2025-07-01/guvenkaya/Templar-NEAR-Smart-Contract-Security-Review-Final-Report.pdf;https://github.com/Templar-Protocol/contracts/blob/dev/audits/2025-07-01/thesis_defense/250701_Defense_by_Thesis_Templar_Smart_Contracts_Final_Security.pdf,1755011603
298,OrangeX,orangex,,CEX,11219499,drop,category CEX is not a DeFi protocol with its own contracts,,,1744103517
299,Flying Tulip Lend,flying-tulip-lend,parent#flying-tulip,Lending,11193012,keep,,,https://docs.flyingtulip.com/risks/,1769459609
300,YieldFi,yieldfi,,Yield Aggregator,11189819,review,borderline category: Yield Aggregator,YieldFiLabs,https://docs.yield.fi/resources/audits,1736184965
301,Superform,superform,,Yield Aggregator,11060142,review,borderline category: Yield Aggregator,superform-xyz,https://github.com/superform-xyz/superform-core/tree/main/security-review;https://github.com/superform-xyz/v2-core/tree/dev/audits;https://github.com/superform-xyz/v2-periphery/tree/dev/audits,1712365922
302,Anvil,anvil,,Collateral Management,10957984,keep,,AcronymFoundation,https://blog.openzeppelin.com/anvil-audit;https://blog.openzeppelin.com/anvil-protocol-audit;https://github.com/trailofbits/publications/blob/master/reviews/2023-12-acronym-foundation-securityreview.pdf,1743588194
303,Theo Network thBill,theo-network-thbill,parent#theo,RWA,10808296,review,borderline category: RWA; sibling version of Theo Network thUSD (separate codebase?),,,1757469154
304,Websea,websea,,CEX,10752533,drop,category CEX is not a DeFi protocol with its own contracts,,,
305,Bitlo,bitlo,,CEX,10752375,drop,category CEX is not a DeFi protocol with its own contracts,,,1757615981
306,Royco V2,royco-v2,parent#royco-protocol,Yield,10707514,review,borderline category: Yield,,,1771444045
307,MEV Capital,mev-capital,,Risk Curators,10587505,drop,category Risk Curators is not a DeFi protocol with its own contracts,,,1747735411
308,MegaETH Bridge,megaeth-bridge,,Canonical Bridge,10576545,drop,category Canonical Bridge is not a DeFi protocol with its own contracts,,,
309,Bancor V2.1,bancor-v2.1,parent#bancor,Dexs,10421518,review,sibling version of Bancor V3 (separate codebase?),,https://bancor-network.gitbook.io/v2.1/ethereum-contracts/security,
310,Sierra Protocol,sierra-protocol,,Yield,10411250,review,borderline category: Yield,,https://cantina.xyz/portfolio/967eeb2b-b6f6-4b17-b819-9bfb450876ca,1770100267
311,SX Rollup Bridge,sx-rollup-bridge,,Canonical Bridge,10338209,drop,category Canonical Bridge is not a DeFi protocol with its own contracts,,,
312,Flipster,flipster,,CEX,10301242,drop,category CEX is not a DeFi protocol with its own contracts,,,1715335662
313,Rysk V12,rysk-v12,parent#rysk-finance,Options Vault,10295581,keep,,,,1752225071
314,Aura,aura,,Yield,10269015,review,borderline category: Yield,aurafinance,https://github.com/aurafinance/aura-contracts/tree/main/audits,1658511775
315,Solv Strategies,solv-strategies,parent#solv-protocol,Onchain Capital Allocator,9823898,drop,category Onchain Capital Allocator is not a DeFi protocol with its own contracts,,,1746523182
316,THORChain DEX,thorchain-dex,,Dexs,9670400,keep,,,https://www.certik.org/projects/thorchain,
317,Fira,fira,,Lending,9520851,keep,,,https://docs.fira.money/resources-and-ecosystem/contracts-and-audits,1769555834
318,Dialectic,dialectic,,Risk Curators,9404652,drop,category Risk Curators is not a DeFi protocol with its own contracts,dialecticch,,1788567949
319,NaraUSD,narausd,,RWA,9279596,review,borderline category: RWA,,https://docs.nara.io/resources/code-audits,1788455243
320,Privacy Pools,privacy-pools,,Privacy,9263798,drop,category Privacy is not a DeFi protocol with its own contracts,,,1743456615
321,Syntropia,syntropia,,Yield Aggregator,9107760,review,borderline category: Yield Aggregator,,,1760493151
322,cBridge,cbridge,,Bridge,8913065,drop,category Bridge is not a DeFi protocol with its own contracts,celer-network,https://github.com/celer-network/sgn-v2-contracts/tree/main/audit,1636307154
323,Metronome Synth,metronome-synth,parent#metronome,Synthetics,8895675,keep,,,,1673545817
324,Synapse Cross Chain Bridge,synapse-cross-chain-bridge,parent#synapse,Cross Chain Bridge,8792247,drop,category Cross Chain Bridge is not a DeFi protocol with its own contracts,,,
325,Okcoin,okcoin,,CEX,8780303,drop,category CEX is not a DeFi protocol with its own contracts,,,1686823123
326,Blur Lending,blur-lending,parent#blur,NFT Lending,8715197,keep,,,,1682985457
327,Hyperlane,hyperlane,,Cross Chain Bridge,8456854,drop,category Cross Chain Bridge is not a DeFi protocol with its own contracts,,,1772126783
328,Byte Exchange,byte-exchange,,CEX,8298652,drop,category CEX is not a DeFi protocol with its own contracts,,,1769124363
329,Aave V1,aave-v1,parent#aave,Lending,8256848,review,sibling version of Aave V3 (separate codebase?),,https://aave.com/security,1655586107
330,Brickken,brickken,,RWA,8211285,review,borderline category: RWA,,https://skynet.certik.com/projects/brickken,1706108852
331,Keyrock,keyrock,,Risk Curators,8187042,drop,category Risk Curators is not a DeFi protocol with its own contracts,,,1788352418
332,Eclipse Bridge,eclipse-bridge,,Canonical Bridge,7944252,drop,category Canonical Bridge is not a DeFi protocol with its own contracts,,,
333,Niza,niza,,CEX,7926246,drop,category CEX is not a DeFi protocol with its own contracts,,,1787017691
334,Re7 Labs,re7-labs,,Risk Curators,7808097,drop,category Risk Curators is not a DeFi protocol with its own contracts,,,1747735814
335,Aurus,aurus,,RWA,7746230,review,borderline category: RWA,,https://aurus.io/Aurusx-contract-audit.pdf,1720549012
336,InceptionLRT (Isolated Restaking),inceptionlrt-(isolated-restaking),parent#inception,Liquid Restaking,7574233,keep,,,,1706654457
337,The Idols,the-idols,,Reserve Currency,7388292,keep,,,https://docs.theidols.io/resources/audit,1648752313
338,Capyfi,capyfi,,Lending,7303412,drop,fork of Compound V2,,,1723836209
339,Seamless V2,seamless-v2,parent#seamless-protocol,Lending,7275299,drop,fork of Aave V3,,https://github.com/seamless-protocol/audits,1749485042
340,cVault Finance,cvault-finance,,Yield,7113749,review,borderline category: Yield,,https://arcadiamgroup.com/audits/CoreFinal.pdf,
341,Vault Street,vault-street,parent#resolv,RWA,7084504,review,borderline category: RWA,,https://docs.vaultstreet.com/resources/security-and-audits,1783704951
342,Universal Bridge,universal-bridge,,Bridge,6933711,drop,category Bridge is not a DeFi protocol with its own contracts,,,1751297732
343,NUVA,nuva,,Yield,6879646,review,borderline category: Yield,,https://nuva.finance/docs/security-audits,1783401021
344,Contango V2,contango-v2,parent#contango,Derivatives,6863966,review,borderline category: Derivatives,,https://github.com/contango-xyz/core-v2/tree/main/audit,1696590696
345,Mento V2,mento-v2,parent#mento,Algo-Stables,6846553,keep,,,https://celo.org/audits,
346,Swaap Maker V2,swaap-maker-v2,parent#swaap,Dexs,6794252,keep,,,https://chainsecurity.com/security-audit/swaap-finance-safeguardpool/;https://runtimeverification.com/blog/runtime-verification-audits-swaap-s-pool-smart-contracts;https://github.com/swaap-labs/swaap-v2-monorepo/blob/main/audits/quantstamp/quantstamp_SafeguardPool_audit.pdf,1689081238
347,YO Protocol,yo-protocol,,Yield Aggregator,6765383,review,borderline category: Yield Aggregator,yoprotocol,https://docs.yo.xyz/protocol/security-audits,1742382739
348,Sophon Bridge,sophon-bridge,,Canonical Bridge,6694649,drop,category Canonical Bridge is not a DeFi protocol with its own contracts,,,1736469229
349,ADI Bridge,adi-bridge,,Canonical Bridge,6685073,drop,category Canonical Bridge is not a DeFi protocol with its own contracts,,,1783713573
350,Reservoir Protocol,reservoir-protocol,,CDP,6633652,keep,,,https://www.halborn.com/audits/fortunafi/reservoir-updated,1731322673
351,Yuzu Money,yuzu-money,,Yield,6616917,review,borderline category: Yield,,https://yuzu-money.gitbook.io/yuzu-money/security-infrastructure/audits;https://github.com/pashov/audits/blob/master/team/pdf/YuzuUSD-security-review_2025-08-28.pdf;https://dedaub.com/audits/yuzu-money/yuzuusd-october-6-2025/,1763085858
352,SharpByte Capital,sharpbyte-capital,,Risk Curators,6592790,drop,category Risk Curators is not a DeFi protocol with its own contracts,,,1788410915
353,CLever,clever,,Yield,6527909,review,borderline category: Yield,AladdinDAO,https://github.com/AladdinDAO/aladdin-v3-contracts/blob/main/audit-reports/SECBIT_CLever_Report_v1.1.pdf,1651168503
354,BigONE,bigone,,CEX,6488110,drop,category CEX is not a DeFi protocol with its own contracts,,,
355,ShibaSwap V1,shibaswap-v1,parent#shibaswap,Dexs,6408495,drop,fork of Uniswap V2,,https://www.certik.org/projects/shib,
356,Angstrom,angstrom,,Dexs,6276625,drop,fork of Uniswap V4,SorellaLabs,,1753556082
357,Resolv USR,resolv-usr,parent#resolv,Basis Trading,6259577,review,borderline category: Basis Trading; sibling version of Vault Street (separate codebase?),,,1737626553
358,Agua,agua,,Onchain Capital Allocator,6210918,drop,category Onchain Capital Allocator is not a DeFi protocol with its own contracts,,https://docs.tropicalwater.xyz/audits/audits,1785791955
359,Zora Bridge,zora-bridge,parent#zora,Canonical Bridge,6175624,drop,category Canonical Bridge is not a DeFi protocol with its own contracts,,,
360,Hakka Finance,hakka-finance,,Derivatives,5999610,review,borderline category: Derivatives,hakkafinance,https://github.com/hakkafinance/audit-reports,
361,Chain Fusion,chain-fusion,,Decentralized BTC,5959745,keep,,,https://github.com/trailofbits/publications/blob/master/reviews/2023-06-dfinity-ckBTC-securityreview.pdf,1703183604
362,Balancer V1,balancer-v1,parent#balancer,Dexs,5941768,review,sibling version of Balancer V2 (separate codebase?),,https://docs.balancer.fi/reference/contracts/security.html#audits,
363,Dinero (pxETH),dinero-(pxeth),parent#redacted,Liquid Staking,5876406,keep,,,https://github.com/dinero-protocol/audits/tree/master/dinero-pirex-eth/pirex-eth,1702470940
364,Mode Bridge,mode-bridge,,Canonical Bridge,5810590,drop,category Canonical Bridge is not a DeFi protocol with its own contracts,,,
365,K2,k2,,Chain,5799610,drop,category Chain is not a DeFi protocol with its own contracts,,,
366,Ronin Bridge,ronin-bridge,,Canonical Bridge,5734806,drop,category Canonical Bridge is not a DeFi protocol with its own contracts,,,
367,FermiSwap,fermiswap,,Dexs,5723546,keep,,,,1787593565
368,OpenGDP Shared Security,opengdp-shared-security,parent#subseaprotocol,Restaking,5653341,review,borderline category: Restaking,,,1712668302
369,PoWH3D,powh3d,,Farm,5583771,keep,,,,
370,Origin Dollar,origin-dollar,parent#origin-defi,Yield Aggregator,5572652,review,borderline category: Yield Aggregator; sibling version of Origin Ether (separate codebase?),,https://docs.ousd.com/v/en/security-and-risks/audits,
371,Lista DEX,lista-dex,parent#lista-dao,Dexs,5495527,review,sibling version of Lista Lending (separate codebase?),,,1774921739
372,eva Markets,eva-markets,,RWA,5422638,review,borderline category: RWA,,https://docs.flyingtulip.com/risks/,1777136758
373,Easedefi.org,easedefi.org,,Insurance,5303284,keep,,EaseDeFi,https://github.com/EaseDeFi/Audits/blob/main/Dedaub_RCA_Audit.pdf;https://github.com/EaseDeFi/gvToken/tree/main/audits,1665063478
374,TAU Labs,tau-labs,,Risk Curators,5296337,drop,category Risk Curators is not a DeFi protocol with its own contracts,,,1765948603
375,BounceBit Prime,bouncebit-prime,,Basis Trading,5153168,review,borderline category: Basis Trading,,,1762794529
376,Injective Bridge,injective-bridge,,Bridge,5126601,drop,category Bridge is not a DeFi protocol with its own contracts,,https://www.certik.org/projects/injectiveprotocol,
377,LBank,lbank,,CEX,5103340,drop,category CEX is not a DeFi protocol with its own contracts,,,
378,Stafi,stafi,,Liquid Staking,5083646,keep,,stafiprotocol,https://github.com/stafiprotocol/stafi-bootstrap/tree/master/audits,
379,DAMM Capital,damm-capital,,Risk Curators,5021639,drop,category Risk Curators is not a DeFi protocol with its own contracts,DAMM-Cap,,1789082655
380,Pickle,pickle,,Yield Aggregator,4967602,review,borderline category: Yield Aggregator,pickle-finance,https://docs.pickle.finance/security/audits-and-timelock/smart-contract-audits,
381,Frax Swap,frax-swap,parent#frax-finance,Dexs,4849710,drop,fork of Uniswap V2,,,1663946542
382,Sorare Bridge,sorare-bridge,,Canonical Bridge,4841534,drop,category Canonical Bridge is not a DeFi protocol with its own contracts,,,
383,Eigenpie,eigenpie,parent#magpie-ecosystem,Liquid Restaking,4822710,keep,,,https://github.com/peckshield/publications/blob/master/audit_reports/PeckShield-Audit-Report-Eigenpie-v1.0.pdf,1706537731
384,PoolTogether V3,pooltogether-v3,parent#pooltogether,Yield Lottery,4808763,keep,,,https://docs.pooltogether.com/security/audits,
385,LeveX,levex,,CEX,4630582,drop,category CEX is not a DeFi protocol with its own contracts,,,1764300379
386,SolvBTC,solvbtc,parent#solv-protocol,Bridge,4623422,drop,category Bridge is not a DeFi protocol with its own contracts,,,1715899545
387,Tangent Finance,tangent-finance,,Lending,4573904,keep,,,https://docs.tangent.finance/docs/faq/audits,1779747909
388,Stakingverse,stakingverse,,Liquid Staking,4512042,keep,,Stakingverse,https://github.com/Stakingverse/pool-contracts/tree/main/audits,1745425044
389,Uniswap V1,uniswap-v1,parent#uniswap,Dexs,4436914,review,sibling version of Uniswap V3 (separate codebase?),,https://github.com/Uniswap/uniswap-v3-core/tree/main/audits;https://github.com/Uniswap/uniswap-v3-periphery/tree/main/audits;https://github.com/ConsenSys/Uniswap-audit-report-2018-12,1666191149
390,Harvest Finance,harvest-finance,,Yield Aggregator,4406299,review,borderline category: Yield Aggregator,harvest-finance;harvestfi,https://github.com/harvest-finance/harvest/tree/master/audits,
391,Inverse Finance Frontier,inverse-finance-frontier,parent#inverse-finance,CDP,4324923,drop,fork of Compound V2,,,
392,Unichain Bridge,unichain-bridge,,Canonical Bridge,4273488,drop,category Canonical Bridge is not a DeFi protocol with its own contracts,,,
393,Unslashed,unslashed,,Insurance,4051231,keep,,,https://documentation.unslashed.finance/risks-and-security/audits,
394,Wildcat Protocol,wildcat-protocol,,Uncollateralized Lending,3912440,keep,,wildcat-finance,,1701425904
395,Ekubo,ekubo,parent#ekubo,Dexs,3904755,keep,,,https://docs.ekubo.org/integration-guides/reference/audits,1694136553
396,Ribbon,ribbon,parent#ribbon-finance,Options Vault,3903004,keep,,,https://docs.ribbon.finance/developers/security#audits,
397,StakeStone Berachain Vault,stakestone-berachain-vault,parent#stakestone,Onchain Capital Allocator,3898169,drop,category Onchain Capital Allocator is not a DeFi protocol with its own contracts,,https://github.com/slowmist/Knowledge-Base/blob/master/open-report-V2/smart-contract/Stone%20Bera%20Vault%20-%20SlowMist%20Audit%20Report.pdf,1735149973
398,ETH Strategy,eth-strategy,,Onchain Capital Allocator,3878538,drop,category Onchain Capital Allocator is not a DeFi protocol with its own contracts,,,1762392113
399,TermFinance Lend,termfinance-lend,parent#termfinance,Lending,3784968,keep,,,https://docs.term.finance/security-audits/sigma-prime,1692193295
400,DODO AMM,dodo-amm,parent#dodo,Dexs,3742545,keep,,,https://github.com/DODOEX/docs/blob/master/docs/audit.md,
401,HashKey Global,hashkey-global,,CEX,3691682,drop,category CEX is not a DeFi protocol with its own contracts,,,1717154429
402,Stargate V1,stargate-v1,parent#stargate-finance,Cross Chain Bridge,3576094,drop,category Cross Chain Bridge is not a DeFi protocol with its own contracts,,https://github.com/stargate-protocol/stargate/tree/main/audit,1647975344
403,Compound V1,compound-v1,parent#compound-finance,Lending,3559419,review,sibling version of Compound V3 (separate codebase?),,https://compound.finance/docs/security,
404,SunX Bridge,sunx-bridge,parent#sun,Bridge,3542820,drop,category Bridge is not a DeFi protocol with its own contracts,,https://github.com/slowmist/Knowledge-Base/blob/master/open-report-V2/smart-contract/Sunperp%20Dex%20-%20SlowMist%20Audit%20Report.pdf,1758724545
405,Reya Bridge,reya-bridge,parent#reya,Canonical Bridge,3485835,drop,category Canonical Bridge is not a DeFi protocol with its own contracts,,,1722510263
406,pNetwork,pnetwork,,Bridge,3460136,drop,category Bridge is not a DeFi protocol with its own contracts,pnetwork-association,https://cryptonics.consulting/wp-content/uploads/2020/03/20200302_Audit_Report_pToken-2.pdf,
407,Pirex,pirex,parent#redacted,Yield,3418276,review,borderline category: Yield; sibling version of Dinero (pxETH) (separate codebase?),,https://docs.redacted.finance/products/pirex/convex/audits;https://docs.redacted.finance/products/pirex/gmx/audits,1663257608
408,TokenWorks,tokenworks,,NFT Automated Strategies,3392316,keep,,,,1759876225
409,Pionex,pionex,,CEX,3371338,drop,category CEX is not a DeFi protocol with its own contracts,,,1725872041
410,Presto,presto,,Risk Curators,3325126,drop,category Risk Curators is not a DeFi protocol with its own contracts,prestolabs,,1788220447
411,Fomo3D,fomo3d,,Farm,3237017,keep,,,,
412,Keep3r Network,keep3r-network,,Derivatives,3230368,review,borderline category: Derivatives,keep3r-network,https://github.com/keep3r-network/keep3r.network/tree/master/audits,
413,Gondi V3,gondi-v3,parent#gondi,NFT Lending,3224208,keep,,,https://docs.gondi.xyz/security-and-audits,1735271441
414,1inch Swap,1inch-swap,parent#1inch,DEX Aggregator,3175466,keep,,,https://help.1inch.com/en/articles/4585088-how-secure-is-1inch,
415,BOB Bridge,bob-bridge,,Bridge,3152898,drop,category Bridge is not a DeFi protocol with its own contracts,,,1714595188
416,mStable V2,mstable-v2,parent#dhedge,CDP,3122427,keep,,,,1760493167
417,Zircuit,zircuit,,Canonical Bridge,3100142,drop,category Canonical Bridge is not a DeFi protocol with its own contracts,,,
418,Notional V2,notional-v2,parent#notional,Lending,3096347,keep,,,https://blog.openzeppelin.com/notional-audit/,
419,KUMA Protocol,kuma-protocol,,RWA,3092120,review,borderline category: RWA,,https://docs.kuma.bond/kuma-protocol/ressources/security-and-audits,1704837198
420,Odyssey Finance,odyssey-finance,,Yield Aggregator,3035310,review,borderline category: Yield Aggregator,,https://docs.odyssey.finance/resources/audits,1754418913
421,Boba Bridge,boba-bridge,,Canonical Bridge,2990376,drop,category Canonical Bridge is not a DeFi protocol with its own contracts,,,
422,AlphaPing,alphaping,,Risk Curators,2984916,drop,category Risk Curators is not a DeFi protocol with its own contracts,,,1747733028
423,Avantgarde,avantgarde,,Risk Curators,2947583,drop,category Risk Curators is not a DeFi protocol with its own contracts,,,1759454384
424,Hop Protocol,hop-protocol,,Cross Chain Bridge,2913965,drop,fork of Saddle Finance,hop-protocol,https://docs.hop.exchange/faq#are-hop-contracts-audited,
425,Reflexer,reflexer,,CDP,2888681,keep,,reflexer-labs,https://docs.reflexer.finance/risk/geb-risks,
426,CEX.IO,cex.io,,CEX,2809037,drop,category CEX is not a DeFi protocol with its own contracts,,,1756916924
427,1212 Capital,1212-capital,,Risk Curators,2805479,drop,category Risk Curators is not a DeFi protocol with its own contracts,,,1788812017
428,Universe XYZ,universe-xyz,,Yield,2712708,review,borderline category: Yield,,https://github.com/UniverseXYZ/xyzDAO-PM/tree/master/audits,
429,Rainbow Bridge,rainbow-bridge,,Bridge,2702585,drop,category Bridge is not a DeFi protocol with its own contracts,,,1744262362
430,mStable CDP,mstable-cdp,parent#dhedge,CDP,2680396,review,sibling version of mStable V2 (separate codebase?),,https://developers.mstable.org/security/security-audits,
431,Keyring,keyring,,Risk Curators,2679769,drop,category Risk Curators is not a DeFi protocol with its own contracts,,,1759454392
432,SATO,sato,,Dexs,2658140,drop,fork of Uniswap V4,,,1784052077
433,Gnosis Protocol v1,gnosis-protocol-v1,,Prediction Market,2640063,drop,category Prediction Market is not a DeFi protocol with its own contracts,,https://docs.gnosis.io/safe/docs/intro_audits/,
434,Abracadabra Spell,abracadabra-spell,parent#abracadabra,CDP,2588695,keep,,,https://abracadabramoney.gitbook.io/learn/our-ecosystem/our-contracts,
435,Sablier Lockup,sablier-lockup,parent#sablier-finance,Payments,2560570,keep,,,https://github.com/sablier-labs/audits,1690655852
436,Usual ETH0,usual-eth0,parent#usual,Synthetics,2548994,review,sibling version of Usual USD0 (separate codebase?),,,1772047377
437,BitMart,bitmart,,CEX,2534311,drop,category CEX is not a DeFi protocol with its own contracts,,,
438,Blast pre-launch Farm,blast-pre-launch-farm,parent#blast-l2,Farm,2511904,keep,,,,1700619267
439,Venus Core Pool,venus-core-pool,parent#venus-finance,Lending,2505045,drop,fork of Compound V2,,https://www.certik.org/projects/swipe,
440,ClayStack ETH,claystack-eth,parent#claystack,Liquid Restaking,2501309,keep,,,,1652905173
441,vfat.io,vfat.io,,Yield Aggregator,2496437,review,borderline category: Yield Aggregator,vfat-io,https://reports.yaudit.dev/reports/06-2023-Sickle/;https://reports.yaudit.dev/reports/10-2023-Sickle-Update/;https://reports.yaudit.dev/reports/05-2024-Sickle-3/,1715694889
442,Kamui,kamui,,RWA,2474982,review,borderline category: RWA,,,1789412282
443,Panoptic V2,panoptic-v2,parent#panoptic,Options,2420992,review,borderline category: Options,,https://panoptic.xyz/docs/security/security_audits,1781895131
444,SingularX,singularx,,Dexs,2336305,keep,,,,1711119672
445,Goldfinch,goldfinch,,Uncollateralized Lending,2331720,keep,,goldfinch-eng,,1635105023
446,Tothemoon,tothemoon,,CEX,2319715,drop,category CEX is not a DeFi protocol with its own contracts,,,
447,Threshold thUSD,threshold-thusd,parent#threshold-network,CDP,2282949,drop,fork of Liquity V1,,,1719351634
448,Nucleus,nucleus,,Yield Aggregator,2259415,review,borderline category: Yield Aggregator,,https://github.com/Ion-Protocol/nucleus-boring-vault/tree/master/audit,1733926608
449,Cassa,cassa,,Risk Curators,2249911,drop,category Risk Curators is not a DeFi protocol with its own contracts,,,1780332085
450,NFTX,nftx,,NFT Marketplace,2227657,drop,category NFT Marketplace is not a DeFi protocol with its own contracts,NFTX-project,https://github.com/NFTX-project/audit-level-k/blob/master/NFTX-final.pdf,
451,Asymmetry Finance,asymmetry-finance,parent#asymmetry,Indexes,2201672,review,borderline category: Indexes,,https://docs.asymmetry.finance/security/audits-bug-bounties,1684247028
452,ZTLN-P,ztln-p,parent#zoth,RWA,2199448,review,borderline category: RWA,,,1737640913
453,P2PB2B,p2pb2b,,CEX,2163470,drop,category CEX is not a DeFi protocol with its own contracts,,https://cer.live/exchange/p2pb2b,1731106485
454,Augur,augur,,Prediction Market,2139695,drop,category Prediction Market is not a DeFi protocol with its own contracts,AugurProject,https://github.com/AugurProject/augur-audits,
455,Punks Terminal,punks-terminal,,NFT Marketplace,2108507,drop,category NFT Marketplace is not a DeFi protocol with its own contracts,,,1774913221
456,Bio Protocol,bio-protocol,,Launchpad,2100151,keep,,bio-xyz,,1760735837
457,EtherFlip,etherflip,,Luck Games,2057892,keep,,,,1711644824
458,Symbiosis,symbiosis,,Cross Chain Bridge,2035224,drop,category Cross Chain Bridge is not a DeFi protocol with its own contracts,symbiosis-finance,https://github.com/symbiosis-finance/audits/tree/master/Symbiosis%20Protocol,1648668872
459,Llama Airforce,llama-airforce,,Yield,2000157,review,borderline category: Yield,,,1642057702
460,Saffron Vaults,saffron-vaults,parent#saffron,Yield,1967909,review,borderline category: Yield,,https://docs.saffron.finance/security/audits,1785212633
461,Twyne,twyne,,Lending,1915125,keep,,0xTwyne,https://reports.yaudit.dev//2025-04-Twyne;https://reports.electisec.com/2025-04-Twyne;https://github.com/Enigma-Dark/security-review-reports/blob/main/2025-04_Invariant_Testing_Engagement_Twyne_v1.pdf;https://reports.yaudit.dev/2025-11-Twyne-AAVE;https://reports.yaudit.dev/2025-12-Twyne-AAVE-Operators;https://487956288-files.gitbook.io/~/files/v0/b/gitbook-x-prod.appspot.com/o/spaces%2F3KnzajNTqFNdyZr2k3l3%2Fuploads%2F1BUrZGcTaMl5rFRH00ph%2FTwyne%20-%20Aave%20integration.pdf?alt=media&token=a370164e-8d15-4c35-8861-89838f351c67;https://twyne.gitbook.io/twyne/resources/security,1770851974
462,STONEUSD,stoneusd,parent#stakestone,CeDeFi,1879408,review,sibling version of StakeStone STONE (separate codebase?),,https://certificate.quantstamp.com/full/stake-stone-tokenized-vault/aa7fd663-908f-49c5-bb62-eac2463f57f1/index.html,1770152135
463,CRETH2,creth2,parent#cream-finance,Liquid Staking,1861869,keep,,,,1683580810
464,Mt Pelerin,mt-pelerin,,Risk Curators,1857213,drop,category Risk Curators is not a DeFi protocol with its own contracts,,,1788838139
465,Yamato Protocol,yamato-protocol,,CDP,1845943,keep,,DeFiGeek-Community,https://blockapex.io/yamato-protocol-audit-report/,1691955574
466,ZeroLend Vaults,zerolend-vaults,parent#zerolend,Risk Curators,1837556,drop,category Risk Curators is not a DeFi protocol with its own contracts,,,1755704679
467,Odyssey Digital AM,odyssey-digital-am,,Risk Curators,1836986,drop,category Risk Curators is not a DeFi protocol with its own contracts,,,1789669187
468,B.Protocol,b.protocol,,Liquidations,1828774,keep,,backstop-protocol,https://docs.bprotocol.org/technical-documentation/bug-bounty,
469,stUSDT,stusdt,,RWA,1826394,review,borderline category: RWA,,,1688472910
470,Ensuro,ensuro,,Insurance,1792451,keep,,,https://github.com/ensuro/ensuro/blob/main/audits/Quantstamp-Ensuro-Final-Report-2022-11-09.pdf;https://github.com/ensuro/ensuro/blob/main/audits/SlowMistAuditReport-Ensuro-2021-09-29.pdf,1681991669
471,Hibt,hibt,,CEX,1766243,drop,category CEX is not a DeFi protocol with its own contracts,,,1716887492
472,Gro,gro,,Yield,1758319,review,borderline category: Yield,,https://docs.gro.xyz/gro-docs/security/audits,
473,FlokiFi Locker,flokifi-locker,,Token Locker,1739675,keep,,,https://www.certik.com/projects/flokifi,1672835629
474,Angle,angle,,CDP,1731214,keep,,AngleProtocol,https://github.com/AngleProtocol/angle-core/tree/main/audits,1635962344
475,TokenStore,tokenstore,,Dexs,1729057,keep,,,,1711372950
476,Ethereal Season Zero,ethereal-season-zero,,Farm,1685553,keep,,,https://drive.google.com/file/d/1HMihTcqKwt75pTAct9F0H3noqDtCJ3u3/view?usp=sharing;https://docs.ethereal.trade/resources/audits-and-addresses,1740338355
477,ProBit Global,probit-global,,CEX,1672158,drop,category CEX is not a DeFi protocol with its own contracts,,,1721445275
478,Bifrost Liquid Staking,bifrost-liquid-staking,parent#bifrost-protocol,Liquid Staking,1665747,keep,,,https://github.com/bifrost-io/bifrost-wiki/blob/master/slowmist-rep-bifrost-2022-02.pdf;https://github.com/bifrost-io/bifrost-wiki/blob/master/certik-rep-bifrost-2022-01.pdf;https://github.com/bifrost-io/bifrost-vETH-2.0/blob/main/audit/SlowMist%20Audit%20Report%20-%20Bifrost%20vETH%202.0.pdf;https://github.com/bifrost-io/bifrost-wiki/blob/master/slowmist-rep-bifrost-slp-2022-08.pdf;https://beosin.com/audits/Bifrost_vtoken-voting_202310121750.pdf;https://beosin.com/audits/Bifrost(vtoken-minting&&slp-v2)_202509251121.pdf;https://beosin.com/audits/Bifrost(veth-3.0&&slpx-v2)_202509251035.pdf;https://github.com/oak-security/audit-reports/blob/main/Bifrost/2024-03-11%20Audit%20Report%20-%20Bifrost%20Finance%20Leveraged%20Staking%20v1.0.pdf;https://docs.bifrost.io/resources/audit-report#common-prefix-audit-report-slpx,1651793295
479,Latch,latch,,Yield,1661636,review,borderline category: Yield,,https://docs.latch.io/overview/contracts-audit,1736110559
480,Ammalgam Vaults,ammalgam-vaults,parent#ammalgam,Yield,1645958,review,borderline category: Yield,,https://cantina.xyz/competitions/02c29467-cb27-4beb-b2ef-500ad95e1a51;https://drive.google.com/file/d/1p3MtFZslf7sDdCoR6HH-sC8p3g-wENRR/view;https://0xmacro.notion.site/Ammalgam-1-Preliminary-Audit-Report-external-private-1ac72f2c7fd18016a750eafdc4739b59,1784848915
481,LandX Finance,landx-finance,,RWA,1638808,review,borderline category: RWA,LandXit,https://certificate.quantstamp.com/full/land-x-finance.pdf,1703552397
482,DeFIL,defil,,Lending,1620572,keep,,,https://www.slowmist.com/security-audit-certificate.html?id=e84a975074cb9aef9299f9dec92311fd1458d0bbb4163adfadac8e16e0da3c61,1647978428
483,PancakeSwap AMM,pancakeswap-amm,parent#pancakeswap,Dexs,1613321,drop,fork of Uniswap V2,,https://docs.pancakeswap.finance/#is-it-safe,
484,Wan Bridge,wan-bridge,,Bridge,1605380,drop,category Bridge is not a DeFi protocol with its own contracts,,https://github.com/wanchain/Audits,1662981783
485,Webot,webot,,CEX,1602609,drop,category CEX is not a DeFi protocol with its own contracts,,,1785472851
486,Unitus,unitus,parent#dforce,Lending,1600219,keep,,,https://github.com/dforce-network/documents/tree/master/audit_report/Lending,1703014661
487,Silo V2,silo-v2,parent#silo-finance,Lending,1598269,keep,,,https://docs.silo.finance/audits-and-tests,1736470165
488,SMARDEX USDN,smardex-usdn,parent#smardex-ecosystem,Basis Trading,1595328,review,borderline category: Basis Trading,,,1748362857
489,Interest Protocol,interest-protocol,,CDP,1591811,keep,,,https://gfx.cafe/ip/contracts/-/blob/master/audit/GFX_IP_Protocol_Audit_Report.pdf,1655545050
490,Baseline Protocol,baseline-protocol,,Liquidity Manager,1576640,keep,,0xBaseline,https://www.baseline.markets/docs/contracts/security,1709554968
491,King Protocol,king-protocol,,Liquid Restaking,1554259,keep,,King-Protocol,https://github.com/King-Protocol/king-cross-chain/blob/master/audit/NM_0452_King_Cross_Chain_FINAL.pdf;https://github.com/King-Protocol/king-protocol-sc/tree/master/audits,1739584043
492,deBridge,debridge,,Bridge,1552398,drop,category Bridge is not a DeFi protocol with its own contracts,debridge-finance,https://github.com/debridge-finance/debridge-security,1645648202
493,MCDEX,mcdex,,Dexs,1517650,keep,,,https://www.certik.com/projects/mux-protocol,
494,LUSD ChickenBonds,lusd-chickenbonds,,Yield Aggregator,1501136,review,borderline category: Yield Aggregator,,https://github.com/liquity/ChickenBond/tree/main/LUSDChickenBonds/audits,1664960232
495,UNCX Network V4,uncx-network-v4,parent#uncx-network,Token Locker,1491623,review,sibling version of UNCX Network V2 (separate codebase?),,,1783047169
496,Rezerve Lending,rezerve-lending,parent#rezerve,Lending,1438515,keep,,,,1758040463
497,ApeX Pro,apex-pro,parent#apex-protocol,Derivatives,1429769,review,borderline category: Derivatives; sibling version of Apex Omni (separate codebase?),,https://github.com/ApeX-Protocol/core/blob/master/docs/audit_report.pdf,1656934904
498,Arkis,arkis,,Lending,1372373,keep,,ArkisXYZ,https://github.com/ArkisXYZ/audits/blob/main/Arkis_Quantstamp_Report.pdf;https://github.com/ArkisXYZ/audits/blob/main/Arkis_Prime_Brokerage_Final_Report_With_Fix_Review_Final_Edit.pdf,1739284994
499,Steer Protocol,steer-protocol,,Liquidity Manager,1354477,keep,,,https://docs.steer.finance/audit-reports,1685437944
500,Stake DAO Curator,stake-dao-curator,,Risk Curators,1351342,drop,category Risk Curators is not a DeFi protocol with its own contracts,,,1788569275
501,Switcheo Finance,switcheo-finance,,Dexs,1350259,keep,,,,1711377850
502,Outcome Finance,outcome-finance,,Synthetics,1345207,keep,,,https://docs.umaproject.org/resources/audit-and-bug-bounty-programs,
503,BendDAO APE Staking,benddao-ape-staking,parent#benddao,Yield,1327861,review,borderline category: Yield,,,1676894728
504,Penpie,penpie,parent#magpie-ecosystem,Yield,1317417,review,borderline category: Yield; sibling version of Eigenpie (separate codebase?),,,1686229898
505,STRATO Bridge,strato-bridge,,Bridge,1302682,drop,category Bridge is not a DeFi protocol with its own contracts,,,1789163811
506,Revert Lend,revert-lend,parent#revert,Lending,1301572,keep,,,https://docs.revert.finance/revert/resources/security#revert-lend-v3utils-v1.1-auto-compound-auto-exit-and-auto-range-v3,1747803327
507,Mountain Protocol,mountain-protocol,,RWA,1281696,review,borderline category: RWA,mountainprotocol,https://github.com/mountainprotocol/audits/blob/main/OpenZeppelin%20Mountain%20Protocol%20USDM%20-%20Audit%20Report%20Jun%202023.pdf,1696533115
508,alphagrowth,alphagrowth,,Risk Curators,1277512,drop,category Risk Curators is not a DeFi protocol with its own contracts,,,1759454377
509,Idle,idle,parent#pareto,Yield Aggregator,1267303,review,borderline category: Yield Aggregator,,https://docs.idle.finance/developers/security/audits,
510,LendFlare,lendflare,,Lending,1261805,keep,,,https://www.certik.com/projects/lend-flare,1649423978
511,Rook,rook,,Dexs,1229995,keep,,keeperdao,,
512,Shape Bridge,shape-bridge,,Canonical Bridge,1228105,drop,category Canonical Bridge is not a DeFi protocol with its own contracts,,,
513,Toros,toros,parent#dhedge,Yield,1221798,review,borderline category: Yield; sibling version of mStable V2 (separate codebase?),,https://docs.dhedge.org/security/audits-timeline,1657055333
514,Superfluid,superfluid,,Payments,1219543,keep,,superfluid-finance,https://github.com/superfluid-finance/protocol-monorepo/blob/dev/packages/ethereum-contracts/audits/PeckShield-Audit-Report-Superfluid-v1.0.pdf,1634846846
515,IDEX Classic,idex-classic,parent#idex,Dexs,1217668,review,sibling version of IDEX V1 (separate codebase?),,https://github.com/idexio/idex-contracts/tree/master/audits;https://callisto.network/idex-security-audit/,
516,Opyn Gamma,opyn-gamma,parent#opyn,Options,1200602,review,borderline category: Options,,https://opyn.gitbook.io/opyn/get-started/security#audits,
517,Arrakis V1,arrakis-v1,parent#arrakis-finance,Liquidity Manager,1192995,drop,deprecated,,https://www.certik.org/projects/gelato;https://drive.google.com/file/d/1aTmVdENDTt7-Rbr9Nxx8DLqy8BE0ZLew/view?usp=sharing,
518,Rari Capital,rari-capital,,Yield Aggregator,1174876,drop,fork of Compound V2,Rari-Capital,https://www.notion.so/Rari-Capital-Audit-Quantstamp-December-2020-24a1d1df94894d6881ee190686f47bc7,
519,WOO X,woo-x,,CEX,1170267,drop,category CEX is not a DeFi protocol with its own contracts,,,1670587665
520,Ribbon Earn,ribbon-earn,parent#ribbon-finance,Options,1156956,review,borderline category: Options; sibling version of Ribbon (separate codebase?),,https://docs.ribbon.finance/developers/security#audits,
521,Decentralized Euro,decentralized-euro,,CDP,1130549,drop,fork of Frankencoin,d-EURO,https://github.com/d-EURO/landingPage/blob/develop/audits/ChainSecurity_dEURO_intermediate_report.pdf,1744062991
522,Defi Swap,defi-swap,,Dexs,1122349,drop,fork of Uniswap V2,,https://crypto.com/defi/swap-protocol-audit.pdf,
523,Gamma,gamma,,Liquidity Manager,1106379,keep,,GammaStrategies,https://github.com/GammaStrategies/hypervisor/blob/master/ConsenSys-Diligence-Audit-28-03-22.pdf;https://github.com/GammaStrategies/hypervisor/blob/master/AE_Gamma_audit_09_03_22.pdf,
524,Flex,flex,,Lending,1102139,keep,,flexmeow,,1779301261
525,SOFA.org,sofa.org,,Options,1078695,review,borderline category: Options,sofa-org,https://github.com/peckshield/publications/blob/master/audit_reports/PeckShield-Audit-Report-Sofa-v1.0.pdf;https://code4rena.com/reports/2024-05-sofa-pro-league;https://github.com/sigp/public-audits/blob/master/reports/sofa/review.pdf,1718565920
526,Cyclone,cyclone,,Yield,1057593,review,borderline category: Yield,cycloneprotocol,https://docs.cyclone.xyz/audit,
527,Allbridge Classic,allbridge-classic,parent#allbridge,Bridge,1024179,drop,category Bridge is not a DeFi protocol with its own contracts,,https://hacken.io/audits/allbridge;https://drive.google.com/file/d/1geBAoT0iuLy3s7EnlUBDKfXr-BwZWpHZ/view;https://drive.google.com/file/d/1PV5MN6L5FGCLYEUnLa8D5LI4Ev5157EX/view;https://www.coinfabrik.com/blog/allbridge-audit-report/,
528,Hashport,hashport,,Bridge,1018622,drop,category Bridge is not a DeFi protocol with its own contracts,,https://omniscia.io/limechain-hashport/;https://omniscia.io/limechain-hashport-round-2,1739362932
529,Saddle Finance,saddle-finance,,Dexs,1006184,drop,deprecated,saddle-finance,https://github.com/saddle-finance/saddle-audits/blob/master/10-29-2020_Certik.pdf;https://blog.openzeppelin.com/saddle-contracts-audit;https://github.com/saddle-finance/saddle-audits/blob/master/12-09-2020_Quantstamp.pdf,
530,Hegic,hegic,,Options,1002871,review,borderline category: Options,hegic,https://github.com/peckshield/publications/blob/master/audit_reports/PeckShield-Audit-Report-Hegic-v1.0.pdf;https://github.com/hegic/contracts/blob/main/packages/herge/docs/PeckShield-Audit-Report-Hegic-Herge-Protocol-Upgrade-v1.0.pdf,
531,StableHodl,stablehodl,,Yield,999766,review,borderline category: Yield,,,1750697565
532,KEEP Network,keep-network,,Cross Chain Bridge,981404,drop,category Cross Chain Bridge is not a DeFi protocol with its own contracts,keep-network,https://consensys.net/diligence/audits/2020/02/thesis-tbtc-and-keep/,
533,dForce Lending,dforce-lending,parent#dforce,Lending,974991,review,sibling version of Unitus (separate codebase?),,https://github.com/dforce-network/documents/tree/master/audit_report/Lending,
534,Convergence Fi,convergence-fi,,Yield,969378,review,borderline category: Yield,,,1721828538
535,Cypher V4,cypher-v4,parent#cypher,Dexs,966540,drop,fork of 3710,,,1764006177
536,Conduit Bridge,conduit-bridge,,Bridge,963506,drop,category Bridge is not a DeFi protocol with its own contracts,,,1772128242
537,Spectra V2,spectra-v2,parent#spectra,Yield,954251,review,borderline category: Yield,,,1717597182
538,Cozy Earn,cozy-earn,parent#cozy-finance,Insurance,951398,keep,,,https://csm-docs.cozy.finance/faq/security-faq,1774912323
539,Hemi,hemi,,Canonical Bridge,915636,drop,category Canonical Bridge is not a DeFi protocol with its own contracts,hemilabs,,1741017065
540,Lazy,lazy,,Yield,900749,review,borderline category: Yield,,,1768495991
541,Peapods Finance,peapods-finance,,Yield,881131,review,borderline category: Yield,,https://sourcehat.com/audits/PeapodsFinance/,1706184132
542,xToken,xtoken,,Liquidity Manager,866651,keep,,xtokenmarket,https://github.com/xtokenmarket/terminal-mining/tree/master/audits,
543,Apostro,apostro,,Risk Curators,861552,drop,category Risk Curators is not a DeFi protocol with its own contracts,,,1747733258
544,Theo Straddle Vaults,theo-straddle-vaults,parent#theo,Basis Trading,857462,review,borderline category: Basis Trading; sibling version of Theo Network thUSD (separate codebase?),,https://github.com/theo-network/theo/blob/main/contracts/Vault/audit.md;https://github.com/theo-network/theo/blob/main/contracts/Vault/audit_2.md,1734734529
545,dTRINITY dUSD,dtrinity-dusd,parent#dtrinity,Partially Algorithmic Stablecoin,854168,keep,,,,1736185537
546,SoDEX Bridge,sodex-bridge,parent#sosovalue,Bridge,850213,drop,category Bridge is not a DeFi protocol with its own contracts,,,1767896991
547,Synthetix V4,synthetix-v4,parent#synthetix,Derivatives,843433,review,borderline category: Derivatives,,,
548,Puffer Vaults,puffer-vaults,parent#puffer-finance,Onchain Capital Allocator,841018,drop,category Onchain Capital Allocator is not a DeFi protocol with its own contracts,,,1741275361
549,RSK Bridge,rsk-bridge,,Canonical Bridge,836855,drop,category Canonical Bridge is not a DeFi protocol with its own contracts,,,
550,Kine Finance,kine-finance,,Yield,835238,review,borderline category: Yield,,https://docs.kine.io/audit/peckshield,
551,International Meme Fund V2,international-meme-fund-v2,parent#international-meme-fund,Onchain Capital Allocator,819599,drop,category Onchain Capital Allocator is not a DeFi protocol with its own contracts,,,
552,Cover Protocol,cover-protocol,,Insurance,808696,keep,,CoverProtocol,https://github.com/CoverProtocol/cover-security/tree/master/audits,
553,Carbon Defi,carbon-defi,,Dexs,802958,keep,,,https://docs.carbondefi.xyz/carbon/security-and-audits,1682450579
554,Flexa,flexa,,Payments,800285,keep,,flexahq,https://consensys.net/diligence/audits/2020/06/amp;https://github.com/trailofbits/publications/blob/master/reviews/amp.pdf,
555,Meter Passport,meter-passport,,Bridge,779696,drop,category Bridge is not a DeFi protocol with its own contracts,,,1669640247
556,Puffer UniFi,puffer-unifi,parent#puffer-finance,Yield,776771,review,borderline category: Yield; sibling version of Puffer Stake (separate codebase?),,,1741275363
557,Yay!,yay!,,SoFi,768668,keep,,,https://yay.gitbook.io/yay-staking/audits,1728048424
558,Anzen V2,anzen-v2,parent#anzen-finance,RWA,757610,review,borderline category: RWA,,https://github.com/Anzen-Finance/audits,1717862013
559,Zethr,zethr,,Prediction Market,756966,drop,category Prediction Market is not a DeFi protocol with its own contracts,,,
560,DELV Yield,delv-yield,parent#delv,Yield,750090,review,borderline category: Yield,,https://docs.element.fi/developers/bug-bounty-programs#b93e,
561,CANA Holdings California Carbon Credits,cana-holdings-california-carbon-credits,,RWA,734548,review,borderline category: RWA,maseer-finance,https://github.com/maseer-finance/maseer-one/blob/master/docs/audits/Prototech%20Labs%20-%20Maseer%20Security%20Report.pdf,1756916937
562,Travessia Credit,travessia-credit,,RWA,729938,review,borderline category: RWA,RedVeil,https://docs.travessiacredit.com/pages/security-audits-risk-controls.html,1776278881
563,AlphaX,alphax,,Derivatives,725297,review,borderline category: Derivatives,AlphaX-Protocol,https://github.com/AlphaX-Protocol/AlphaX-Protocol-Contract/blob/master/Audit-Report/AlphaX%20Audit%20final.pdf,1723456160
564,DxSale,dxsale,,Launchpad,724003,keep,,,https://www.certik.org/projects/dxsale,1657847483
565,Parallel Protocol V3,parallel-protocol-v3,parent#parallel-protocol,CDP,721194,drop,fork of Angle,,https://docs.parallel.best/resources/security-audits,1753821437
566,Rho X,rho-x,parent#rho,Interest Rate Derivatives,712181,keep,,,,1761100587
567,Maya Protocol,maya-protocol,,Cross Chain Bridge,710141,drop,category Cross Chain Bridge is not a DeFi protocol with its own contracts,,https://maya-cdn.s3.amazonaws.com/Halborn/Cosmos_Security_Final.pdf;https://maya-cdn.s3.amazonaws.com/Halborn/Liquidity_Auction_Final.pdf;https://maya-cdn.s3.amazonaws.com/Halborn/Liquidity_Auction_Tiers_Final.pdf,1699974081
568,Vectis Finance,vectis-finance,,Yield,705823,review,borderline category: Yield,,,1733401280
569,Tokenlon AMM,tokenlon-amm,parent#tokenlon,Dexs,704937,keep,,,https://github.com/consenlabs/tokenlon-contracts/tree/v5/audits,
570,Ethervista,ethervista,,Dexs,703529,drop,fork of Uniswap V2,,,1725274551
571,lpETH,lpeth,parent#tenderize,Dexs,698447,keep,,,https://docs.lpeth.xyz/smart-contracts/overview#audits,1733400764
572,Supernova CL,supernova-cl,parent#supernova,Dexs,689733,drop,fork of 3710,,,1770743747
573,Sudoswap V2,sudoswap-v2,parent#sudoswap,NFT Marketplace,688179,drop,category NFT Marketplace is not a DeFi protocol with its own contracts,,https://github.com/sudoswap/v2-audits,1686344795
574,NBX,nbx,,CEX,680548,drop,category CEX is not a DeFi protocol with its own contracts,,,1669379407
575,Opyn Squeeth,opyn-squeeth,parent#opyn,Derivatives,678996,review,borderline category: Derivatives; sibling version of Opyn Gamma (separate codebase?),,,1672484838
576,Kinto Bridge,kinto-bridge,parent#kinto,Canonical Bridge,672217,drop,category Canonical Bridge is not a DeFi protocol with its own contracts,,https://github.com/KintoXYZ/security/tree/main/audits,
577,KyberSwap Classic,kyberswap-classic,parent#kyberswap,Dexs,665114,keep,,,https://chainsecurity.com/security-audit/kyber-network-dynamic-market-maker-dmm/,
578,ImmutableX,immutablex,,NFT Marketplace,661540,drop,category NFT Marketplace is not a DeFi protocol with its own contracts,immutable,https://skynet.certik.com/projects/immutable-x,1689020363
579,WePiggy,wepiggy,,Lending,659578,drop,fork of Compound V2,WePiggy,https://github.com/WePiggy/wepiggy-contracts/tree/master/docs/audits,
580,Moonwell Lending,moonwell-lending,parent#moonwell,Lending,649967,drop,fork of Compound V2,,https://github.com/HalbornSecurity/PublicReports/blob/master/Solidity%20Smart%20Contract%20Audits/Moonwell_Finance_Smart_Contract_Security_Audit_Report_Halborn_Final.pdf;https://github.com/HalbornSecurity/PublicReports/blob/master/Solidity%20Smart%20Contract%20Audits/Moonwell_Finance_Safety_Module_Smart_Contract_Security_Audit_Report_Halborn_Final.pdf,1655988523
581,Turtle Club,turtle-club,,Onchain Capital Allocator,645423,drop,category Onchain Capital Allocator is not a DeFi protocol with its own contracts,Turtle-DAO,,1746529678
582,Opyn Convexity,opyn-convexity,parent#opyn,Options,639583,review,borderline category: Options; sibling version of Opyn Gamma (separate codebase?),,,1672484834
583,ZyFAI,zyfai,,AI Agents,631813,keep,,,https://docs.zyf.ai/audits,1745493197
584,JPEG'd,jpegd,,NFT Lending,628792,keep,,jpegd,https://docs.jpegd.io/other-links/audits,1649284165
585,ICHI,ichi,,Liquidity Manager,627319,keep,,ichifarm,https://docs.ichi.org/home/technical-resources/audits,1637376327
586,AZverse Perps,azverse-perps,parent#azverse,Derivatives,623143,review,borderline category: Derivatives,,,1785473347
587,Rho X LP Vault,rho-x-lp-vault,parent#rho,Yield,622842,review,borderline category: Yield; sibling version of Rho X (separate codebase?),,,1770151143
588,BendDAO Lending V1,benddao-lending-v1,parent#benddao,NFT Lending,618283,review,sibling version of BendDAO APE Staking (separate codebase?),,https://www.certik.com/projects/bend-dao;https://www.verilog.solutions/audits/BendDAO,1652990010
589,Legion,legion,,Launchpad,614765,keep,,,https://github.com/Legion-Team/legion-protocol-contracts/tree/master/audits,1759188237
590,Zero Network,zero-network,,Canonical Bridge,608302,drop,category Canonical Bridge is not a DeFi protocol with its own contracts,,,
591,PoolTogether V5,pooltogether-v5,parent#pooltogether,Yield Lottery,599848,review,sibling version of PoolTogether V3 (separate codebase?),,https://docs.pooltogether.com/security/audits,1698271658
592,Cyber,cyber,,Chain,598760,drop,category Chain is not a DeFi protocol with its own contracts,,,
593,Sommelier,sommelier,,Onchain Capital Allocator,594791,drop,category Onchain Capital Allocator is not a DeFi protocol with its own contracts,,https://somm.finance/audits;https://github.com/PeggyJV/cellar-contracts/tree/main/audits,1664536707
594,VETRO,vetro,,CDP,594395,keep,,vetro-protocol,https://github.com/vetro-protocol/audit-reports/blob/main/Vetro_Protocol/QS_Hemi_Vetro_VUSD_Final_Report.pdf,1787892737
595,Butter Network,butter-network,,Cross Chain Bridge,594229,drop,category Cross Chain Bridge is not a DeFi protocol with its own contracts,butternetwork,,1671145989
596,AirPuff,airpuff,,Leveraged Farming,589829,review,borderline category: Leveraged Farming,Airpuff,,1710509253
597,Wrap Protocol,wrap-protocol,,Synthetics,586923,keep,,,https://leastauthority.com/blog/audit-of-wrap-protocol-smart-contracts-for-tezos-foundation,
598,DerivaDEX,derivadex,,Derivatives,586487,review,borderline category: Derivatives,,https://certificate.quantstamp.com/full/deriva-dex,
599,Swell Earn,swell-earn,parent#swell,Yield Aggregator,584380,review,borderline category: Yield Aggregator; sibling version of Swell L2 Farm (separate codebase?),,https://github.com/Ion-Protocol/nucleus-boring-vault/blob/master/audit/0xmacro-boring-vault-arctic-0.pdf;https://github.com/Ion-Protocol/nucleus-boring-vault/blob/master/audit/pashov-boring-vault.pdf;https://github.com/Ion-Protocol/nucleus-boring-vault/blob/master/audit/spearbit-boring-vault-arctic-0.pdf,1729664438
600,Silo V3,silo-v3,parent#silo-finance,Lending,581462,review,sibling version of Silo V2 (separate codebase?),,https://docs.silo.finance/audits-and-tests,1779129794
