# role: core | periphery | governance | deploy ; subpath restricts code probes in a monorepo
protocol_id,repo_id,url,role,subpath,include
uniswap-v4,uniswap-v4,https://github.com/Uniswap/v4-core,core,,1
aave-v3,aave-v3,https://github.com/aave-dao/aave-v3-origin,core,,1
morpho-blue,morpho-blue,https://github.com/morpho-org/morpho-blue,core,,1
compound-comet,compound-comet,https://github.com/compound-finance/comet,core,,1
lido-core,lido-core,https://github.com/lidofinance/core,core,,1
curve,curve,https://github.com/curvefi/curve-contract,core,,1
rocket-pool,rocket-pool,https://github.com/rocket-pool/rocketpool,core,,1
liquity-v1,liquity-v1,https://github.com/liquity/dev,core,,1
liquity-v2,liquity-v2,https://github.com/liquity/bold,core,,1
pendle-v2,pendle-v2,https://github.com/pendle-finance/pendle-core-v2-public,core,,1
eigenlayer,eigenlayer,https://github.com/Layr-Labs/eigenlayer-contracts,core,,1
ether-fi,ether-fi,https://github.com/etherfi-protocol/smart-contracts,core,,1
stakewise-v3,stakewise-v3,https://github.com/stakewise/v3-core,core,,1
symbiotic,symbiotic,https://github.com/symbioticfi/core,core,,1
nexus-mutual,nexus-mutual,https://github.com/NexusMutual/smart-contracts,core,,1
sky-lending,sky-lending,https://github.com/makerdao/dss,core,,1
maple-v2,maple-v2,https://github.com/maple-labs/maple-core-v2,core,,1
fluid,fluid,https://github.com/Instadapp/fluid-contracts-public,core,,1
balancer-v3,balancer-v3,https://github.com/balancer/balancer-v3-monorepo,core,,1
euler-v2,euler-v2,https://github.com/euler-xyz/euler-vault-kit,core,,1
uniswap-v3,uniswap-v3,https://github.com/Uniswap/v3-core,core,,1
uniswap-v2,uniswap-v2,https://github.com/Uniswap/v2-core,core,,1
aave-v2,aave-v2,https://github.com/aave/protocol-v2,core,,1
compound-v2,compound-v2,https://github.com/compound-finance/compound-protocol,core,,1
balancer-v2,balancer-v2,https://github.com/balancer/balancer-v2-monorepo,core,,1
bancor-v3,bancor-v3,https://github.com/bancorprotocol/contracts-v3,core,,1
convex,convex,https://github.com/convex-eth/platform,core,,1
yearn-v3,yearn-v3,https://github.com/yearn/yearn-vaults-v3,core,,1
enzyme,enzyme,https://github.com/enzymefinance/protocol,core,,1
set-protocol-v2,set-protocol-v2,https://github.com/SetProtocol/set-protocol-v2,core,,1
reserve,reserve,https://github.com/reserve-protocol/protocol,core,,1
alchemix-v3,alchemix-v3,https://github.com/alchemix-finance/v3,core,,1
gearbox-v3,gearbox-v3,https://github.com/Gearbox-protocol/core-v3,core,,1
dolomite,dolomite,https://github.com/dolomite-exchange/dolomite-margin,core,,1
m0,m0,https://github.com/m0-foundation/protocol,core,,1
huma-v2,huma-v2,https://github.com/00labs/huma-contracts-v2,core,,1
derive-v2,derive-v2,https://github.com/derivexyz/v2-core,core,,1
kelp,kelp,https://github.com/Kelp-DAO/LRT-rsETH,core,,1
renzo,renzo,https://github.com/Renzo-Protocol/contracts-public,core,,1
puffer,puffer,https://github.com/PufferFinance/pufETH,core,,1
liquid-collective,liquid-collective,https://github.com/liquid-collective/liquid-collective-protocol,core,,1
stader-ethx,stader-ethx,https://github.com/stader-labs/ethx,core,,1
nodedao,nodedao,https://github.com/NodeDAO/NodeDAO-Protocol,core,,1
frax-eth,frax-eth,https://github.com/FraxFinance/frxETH-public,core,,1
cap,cap,https://github.com/cap-labs-dev/cap-contracts,core,,1
ssv-network,ssv-network,https://github.com/ssvlabs/ssv-network,core,,1
spark-savings,spark-savings,https://github.com/sparkdotfi/spark-vaults-v2,core,,1
obol,obol,https://github.com/ObolNetwork/obol-splits,core,,1
meth,meth,https://github.com/mantle-lsp/contracts,core,,1
superstate-ustb,superstate-ustb,https://github.com/superstateinc/ustb,core,,1
aave-v4,aave-v4,https://github.com/aave/aave-v4,core,,1
defi-saver,defi-saver,https://github.com/defisaver/defisaver-v3-contracts,core,,1
olympus-cooler,olympus-cooler,https://github.com/OlympusDAO/olympus-v3,core,,1
crvusd,crvusd,https://github.com/curvefi/curve-stablecoin,core,,1
yield-basis,yield-basis,https://github.com/yield-basis/yb-core,core,,1
fx-protocol,fx-protocol,https://github.com/AladdinDAO/fx-protocol-contracts,core,,1
bedrock-unibtc,bedrock-unibtc,https://github.com/Bedrock-Technology/uniBTC,core,,1
homora-v2,homora-v2,https://github.com/AlphaFinanceLab/alpha-homora-v2-contract,core,,1
stake-link,stake-link,https://github.com/stakedotlink/contracts,core,,1
concentrator,concentrator,https://github.com/AladdinDAO/aladdin-v3-contracts,core,,1
frankencoin,frankencoin,https://github.com/Frankencoin-ZCHF/Frankencoin,core,,1
vesper,vesper,https://github.com/vesperfi/vesper-contracts,core,,1
wise-token,wise-token,https://github.com/wise-foundation/wise-token-contracts,core,,1
solvbtc,solvbtc,https://github.com/solv-finance/SolvBTC,core,,1
treehouse,treehouse,https://github.com/treehouse-gaia/tETH,core,,1
origin-ether,origin-ether,https://github.com/OriginProtocol/origin-dollar,core,,1
origami,origami,https://github.com/TempleDAO/origami-public,core,apps/protocol,1
beefy,beefy,https://github.com/beefyfinance/beefy-contracts,core,,1
resupply,resupply,https://github.com/resupplyfi/resupply,core,,1
infinifi,infinifi,https://github.com/InfiniFi-Labs/infinifi-protocol,core,,1
autofinance,autofinance,https://github.com/Tokemak/v2-core-pub,core,,1
strata,strata,https://github.com/Strata-Money/contracts-tranches,core,,1
frax,frax,https://github.com/FraxFinance/frax-solidity,core,,1
ipor-fusion,ipor-fusion,https://github.com/IPOR-Labs/ipor-fusion,core,,1
swell,swell,https://github.com/SwellNetwork/v3-core-public,core,,1
aegis-yusd,aegis-yusd,https://github.com/Aegis-im/aegis-contracts,core,,1
inverse-firm,inverse-firm,https://github.com/InverseFinance/FiRM,core,,1
meta-pool-eth,meta-pool-eth,https://github.com/Meta-Pool/metapool-ethereum,core,,1
termmax,termmax,https://github.com/term-structure/termmax-contract-v2,core,,1
mellow-lrt,mellow-lrt,https://github.com/mellow-finance/mellow-lrt,core,,1
fraxlend,fraxlend,https://github.com/FraxFinance/fraxlend,core,,1
stakestone,stakestone,https://github.com/stakestone/stone-vault-v1,core,,1
origin-arm,origin-arm,https://github.com/OriginProtocol/arm-oeth,core,,1
juicebox-v1,juicebox-v1,https://github.com/jbx-protocol/juice-contracts-v1,core,,1
native-credit-pool,native-credit-pool,https://github.com/Native-org/native-v2-core,core,,1
yieldfi,yieldfi,https://github.com/YieldFiLabs/smart-contracts,core,,1
superform,superform,https://github.com/superform-xyz/superform-core,core,,1
anvil,anvil,https://github.com/AcronymFoundation/anvil-contracts,core,,1
bancor-v2-1,bancor-v2-1,https://github.com/bancorprotocol/contracts-solidity,core,,1
aura,aura,https://github.com/aurafinance/aura-contracts,core,,1
metronome-synth,metronome-synth,https://github.com/autonomoussoftware/metronome-synth-public,core,,1
aave-v1,aave-v1,https://github.com/aave/aave-protocol,core,,1
brickken,brickken,https://github.com/brickken/protocol-public,core,,1
inceptionlrt,inceptionlrt,https://github.com/inceptionlrt/smart-contracts,core,,1
contango-v2,contango-v2,https://github.com/contango-xyz/core-v2,core,,1
swaap-v2,swaap-v2,https://github.com/swaap-labs/swaap-v2-monorepo,core,,1
yo-protocol,yo-protocol,https://github.com/yoprotocol/core,core,,1
balancer-v1,balancer-v1,https://github.com/balancer/balancer-core,core,,1
dinero-pxeth,dinero-pxeth,https://github.com/dinero-protocol/pirex-eth-contracts,core,,1
pickle,pickle,https://github.com/pickle-finance/protocol,core,,1
